EmployeeID_Anon,Termd,TermReason,Department,Feedback,Satisfaction,Engagement
GEN_6E9CFC5F,0,N/A-StillEmployed,IT/IS,My manager is supportive and the projects are interesting and challenging.,3.0,3.48
GEN_F4FC601C,0,N/A-StillEmployed,Production,The benefits and culture are excellent. I'm happy with my decision to stay. I always felt engaged with the work itself.,3.62,4.61
GEN_464DB638,0,N/A-StillEmployed,Executive Office,My manager is supportive and the projects are interesting and challenging. I always felt engaged with the work itself.,3.0,4.91
GEN_5F971E49,0,N/A-StillEmployed,Production,I'm satisfied with my role and compensation. Management is fair. I felt disconnected from the company's mission.,4.59,2.89
GEN_D91C41B3,0,N/A-StillEmployed,IT/IS,I feel my contributions are recognized and I see a clear career path.,3.78,4.24
GEN_301DEA22,0,N/A-StillEmployed,Sales,"I'm satisfied with my role and compensation. Management is fair. Despite this, I had many positive experiences here. I always felt engaged with the work itself.",5.0,4.7
GEN_FCF04B6A,0,N/A-StillEmployed,Production,My manager is supportive and the projects are interesting and challenging.,2.45,4.5
GEN_4C4C9DD6,0,N/A-StillEmployed,IT/IS,The company has been supportive of my growth. I appreciate the opportunities. I always felt engaged with the work itself.,3.31,4.66
GEN_F9217A11,0,N/A-StillEmployed,IT/IS,Good work-life balance and collaborative environment keep me here.,4.01,4.19
GEN_74C5F07E,0,N/A-StillEmployed,Software Engineering,"I'm satisfied with my role and compensation. Management is fair. Despite this, I had many positive experiences here.",5.0,3.72
GEN_DD97C11A,0,N/A-StillEmployed,Production,Good work-life balance and collaborative environment keep me here.,4.19,3.86
GEN_AA02B29A,0,N/A-StillEmployed,Production,The company has been supportive of my growth. I appreciate the opportunities.,4.67,3.7
GEN_B7B2C105,0,N/A-StillEmployed,IT/IS,My manager is supportive and the projects are interesting and challenging.,4.67,4.41
GEN_EBACA82D,0,N/A-StillEmployed,IT/IS,The company has been supportive of my growth. I appreciate the opportunities.,4.18,3.83
GEN_D6A0D539,0,N/A-StillEmployed,Production,I enjoy working here. The team is great and I feel valued.,3.56,4.34
GEN_CAA901D5,0,N/A-StillEmployed,Production,The company has been supportive of my growth. I appreciate the opportunities.,3.58,4.04
GEN_E5261F3F,0,N/A-StillEmployed,Production,My manager is supportive and the projects are interesting and challenging. I felt disconnected from the company's mission.,3.68,2.82
GEN_A1C8929A,0,N/A-StillEmployed,IT/IS,"I've grown a lot professionally here and continue to learn new things. Despite this, I had many positive experiences here.",5.0,4.21
GEN_BFFB23EF,0,N/A-StillEmployed,IT/IS,The company has been supportive of my growth. I appreciate the opportunities.,4.43,4.14
GEN_1F4C2B76,0,N/A-StillEmployed,Sales,I enjoy working here. The team is great and I feel valued.,4.58,4.16
GEN_B08F4D19,0,N/A-StillEmployed,Production,My manager is supportive and the projects are interesting and challenging.,4.39,4.3
GEN_97D7E150,0,N/A-StillEmployed,Production,"I enjoy working here. The team is great and I feel valued. Despite this, I had many positive experiences here.",5.0,3.54
GEN_86BCA1C1,0,N/A-StillEmployed,Production,I've grown a lot professionally here and continue to learn new things. I always felt engaged with the work itself.,4.11,5.0
GEN_C2EDF26F,0,N/A-StillEmployed,Production,The company has been supportive of my growth. I appreciate the opportunities.,3.36,3.61
GEN_1805B184,0,N/A-StillEmployed,Production,Good work-life balance and collaborative environment keep me here.,3.11,4.43
GEN_C711F345,0,N/A-StillEmployed,Admin Offices,My manager is supportive and the projects are interesting and challenging.,3.39,3.87
GEN_6B963944,0,N/A-StillEmployed,IT/IS,The benefits and culture are excellent. I'm happy with my decision to stay.,4.0,3.88
GEN_BBE120E6,0,N/A-StillEmployed,Production,"I feel my contributions are recognized and I see a clear career path. Despite this, I had many positive experiences here. I always felt engaged with the work itself.",5.0,4.63
GEN_83913601,0,N/A-StillEmployed,Production,I enjoy working here. The team is great and I feel valued.,3.67,4.05
GEN_487C62DE,0,N/A-StillEmployed,Production,I enjoy working here. The team is great and I feel valued. I always felt engaged with the work itself.,4.54,4.57
GEN_4D8F1E30,0,N/A-StillEmployed,IT/IS,I feel my contributions are recognized and I see a clear career path.,3.69,4.02
GEN_87A00D84,0,N/A-StillEmployed,IT/IS,The company has been supportive of my growth. I appreciate the opportunities.,3.0,3.94
GEN_E1745425,0,N/A-StillEmployed,IT/IS,I've grown a lot professionally here and continue to learn new things.,3.0,4.05
GEN_C7587997,0,N/A-StillEmployed,IT/IS,Good work-life balance and collaborative environment keep me here.,3.0,3.88
GEN_8F1A239A,0,N/A-StillEmployed,Production,I'm satisfied with my role and compensation. Management is fair.,3.0,4.23
GEN_794DB728,0,N/A-StillEmployed,Production,I feel my contributions are recognized and I see a clear career path.,3.96,3.77
GEN_5ABA4D84,0,N/A-StillEmployed,Production,"I've grown a lot professionally here and continue to learn new things. Despite this, I had many positive experiences here. I always felt engaged with the work itself.",5.0,4.79
GEN_6CBE1EA1,0,N/A-StillEmployed,Sales,I'm satisfied with my role and compensation. Management is fair. I felt disconnected from the company's mission.,3.88,2.76
GEN_E6074377,0,N/A-StillEmployed,Sales,I feel my contributions are recognized and I see a clear career path. I always felt engaged with the work itself.,4.69,4.72
GEN_42F4C0D3,0,N/A-StillEmployed,Production,I've grown a lot professionally here and continue to learn new things.,3.62,4.01
GEN_F8CEBAF5,0,N/A-StillEmployed,Production,"I enjoy working here. The team is great and I feel valued. Despite this, I had many positive experiences here.",5.0,4.37
GEN_96575D50,0,N/A-StillEmployed,Production,The benefits and culture are excellent. I'm happy with my decision to stay.,3.0,3.56
GEN_6F0929A8,0,N/A-StillEmployed,Production,I enjoy working here. The team is great and I feel valued.,4.0,3.42
GEN_E891EECD,0,N/A-StillEmployed,Production,I've grown a lot professionally here and continue to learn new things.,3.43,4.34
GEN_F6BFE15D,0,N/A-StillEmployed,IT/IS,The company has been supportive of my growth. I appreciate the opportunities.,4.24,4.01
GEN_9AF0F4B6,0,N/A-StillEmployed,Production,Good work-life balance and collaborative environment keep me here.,4.08,3.15
GEN_6CE61C7B,0,N/A-StillEmployed,Production,I feel my contributions are recognized and I see a clear career path.,3.69,3.54
GEN_2D878B9C,0,N/A-StillEmployed,Production,I feel my contributions are recognized and I see a clear career path.,4.0,3.16
GEN_321573C0,0,N/A-StillEmployed,IT/IS,I feel my contributions are recognized and I see a clear career path.,3.0,4.42
GEN_5B60C1B8,0,N/A-StillEmployed,IT/IS,My manager is supportive and the projects are interesting and challenging.,4.56,4.37
GEN_4FD05D53,0,N/A-StillEmployed,IT/IS,The company has been supportive of my growth. I appreciate the opportunities.,4.0,4.33
GEN_3A494659,0,N/A-StillEmployed,Production,The benefits and culture are excellent. I'm happy with my decision to stay.,3.39,4.04
GEN_1F9B2FF2,0,N/A-StillEmployed,IT/IS,My manager is supportive and the projects are interesting and challenging. I always felt engaged with the work itself.,4.66,5.0
GEN_6CCF6B00,0,N/A-StillEmployed,Production,"My manager is supportive and the projects are interesting and challenging. Despite this, I had many positive experiences here. I always felt engaged with the work itself.",5.0,4.58
GEN_8C52900B,0,N/A-StillEmployed,Admin Offices,Good work-life balance and collaborative environment keep me here.,4.0,4.1
GEN_A2E8BEB3,0,N/A-StillEmployed,Production,I'm satisfied with my role and compensation. Management is fair.,4.4,4.34
GEN_A4A6617F,0,N/A-StillEmployed,Production,The company has been supportive of my growth. I appreciate the opportunities.,3.99,4.01
GEN_B34EFCED,0,N/A-StillEmployed,Production,I feel my contributions are recognized and I see a clear career path. I always felt engaged with the work itself.,4.2,4.52
GEN_11730567,0,N/A-StillEmployed,Production,I enjoy working here. The team is great and I feel valued.,3.73,3.6
GEN_36754A64,0,N/A-StillEmployed,IT/IS,Good work-life balance and collaborative environment keep me here. I always felt engaged with the work itself.,4.33,4.63
GEN_EFB5B997,0,N/A-StillEmployed,Software Engineering,I'm satisfied with my role and compensation. Management is fair.,4.45,4.26
GEN_095F10B6,0,N/A-StillEmployed,Production,The benefits and culture are excellent. I'm happy with my decision to stay.,3.64,4.44
GEN_C84C87B0,0,N/A-StillEmployed,Sales,I enjoy working here. The team is great and I feel valued.,3.0,3.82
GEN_6659BFE1,0,N/A-StillEmployed,Production,Good work-life balance and collaborative environment keep me here. I always felt engaged with the work itself.,3.95,5.0
GEN_C586E405,0,N/A-StillEmployed,Admin Offices,I'm satisfied with my role and compensation. Management is fair. I always felt engaged with the work itself.,4.0,4.63
GEN_30D42DE8,0,N/A-StillEmployed,IT/IS,I'm satisfied with my role and compensation. Management is fair. I always felt engaged with the work itself.,4.39,4.62
GEN_999DA442,0,N/A-StillEmployed,Production,I'm satisfied with my role and compensation. Management is fair. I felt disconnected from the company's mission.,3.39,2.9
GEN_59412BE6,0,N/A-StillEmployed,Production,My manager is supportive and the projects are interesting and challenging.,4.0,4.37
GEN_D2FD8818,0,N/A-StillEmployed,Production,The benefits and culture are excellent. I'm happy with my decision to stay.,3.76,3.46
GEN_339DDFB6,0,N/A-StillEmployed,Production,I'm satisfied with my role and compensation. Management is fair. I always felt engaged with the work itself.,3.85,5.0
GEN_61EE95C1,0,N/A-StillEmployed,Software Engineering,I feel my contributions are recognized and I see a clear career path.,4.24,4.25
GEN_76C49C5D,0,N/A-StillEmployed,IT/IS,I've grown a lot professionally here and continue to learn new things. I always felt engaged with the work itself.,3.99,5.0
GEN_F1CDE3A2,0,N/A-StillEmployed,Production,Good work-life balance and collaborative environment keep me here. I always felt engaged with the work itself.,3.36,5.0
GEN_15702E7A,0,N/A-StillEmployed,Production,Good work-life balance and collaborative environment keep me here.,4.32,4.27
GEN_87046C58,0,N/A-StillEmployed,Production,The benefits and culture are excellent. I'm happy with my decision to stay. I always felt engaged with the work itself.,3.49,4.51
GEN_01B743BA,0,N/A-StillEmployed,Admin Offices,I feel my contributions are recognized and I see a clear career path. I always felt engaged with the work itself.,3.0,5.0
GEN_1BD8D111,0,N/A-StillEmployed,Sales,My manager is supportive and the projects are interesting and challenging. I always felt engaged with the work itself.,4.19,4.64
GEN_FEC1E567,0,N/A-StillEmployed,IT/IS,I feel my contributions are recognized and I see a clear career path.,4.49,4.32
GEN_C3FC2CDA,0,N/A-StillEmployed,IT/IS,My manager is supportive and the projects are interesting and challenging.,3.39,3.64
GEN_1BEAB592,0,N/A-StillEmployed,Production,The benefits and culture are excellent. I'm happy with my decision to stay.,4.5,3.68
GEN_5371D4FA,0,N/A-StillEmployed,Production,Good work-life balance and collaborative environment keep me here.,3.0,3.33
GEN_C54A106F,0,N/A-StillEmployed,Production,I'm satisfied with my role and compensation. Management is fair.,4.29,4.1
GEN_7F0060EE,0,N/A-StillEmployed,Production,I enjoy working here. The team is great and I feel valued. I always felt engaged with the work itself.,4.0,4.69
GEN_F1A0CA72,0,N/A-StillEmployed,Software Engineering,"My manager is supportive and the projects are interesting and challenging. Despite this, I had many positive experiences here.",5.0,3.95
GEN_857BC976,0,N/A-StillEmployed,Production,My manager is supportive and the projects are interesting and challenging.,3.52,3.43
GEN_BFAF6574,0,N/A-StillEmployed,Production,I've grown a lot professionally here and continue to learn new things.,4.14,3.41
GEN_4A49F729,0,N/A-StillEmployed,Production,I feel my contributions are recognized and I see a clear career path.,3.69,4.11
GEN_38A5FCE6,0,N/A-StillEmployed,Sales,I've grown a lot professionally here and continue to learn new things.,3.65,3.92
GEN_D5AE8091,0,N/A-StillEmployed,Production,Good work-life balance and collaborative environment keep me here.,4.48,4.4
GEN_5FBA785A,0,N/A-StillEmployed,Production,My manager is supportive and the projects are interesting and challenging.,3.4,3.86
GEN_2D7A362B,0,N/A-StillEmployed,Software Engineering,I've grown a lot professionally here and continue to learn new things. I always felt engaged with the work itself.,4.51,4.71
GEN_A674182A,0,N/A-StillEmployed,Production,The company has been supportive of my growth. I appreciate the opportunities.,4.65,3.65
GEN_CB2FD837,0,N/A-StillEmployed,Production,Good work-life balance and collaborative environment keep me here.,3.0,4.19
GEN_B6EFDB2A,0,N/A-StillEmployed,Software Engineering,I'm satisfied with my role and compensation. Management is fair. I always felt engaged with the work itself.,4.02,4.61
GEN_3E3849C5,0,N/A-StillEmployed,Production,The benefits and culture are excellent. I'm happy with my decision to stay. I felt disconnected from the company's mission.,3.0,1.96
GEN_2A731EBA,0,N/A-StillEmployed,Admin Offices,I've grown a lot professionally here and continue to learn new things. I always felt engaged with the work itself.,3.63,4.86
GEN_6BE019DA,0,N/A-StillEmployed,Production,The company has been supportive of my growth. I appreciate the opportunities.,4.39,4.28
GEN_F77D15ED,0,N/A-StillEmployed,Production,I'm satisfied with my role and compensation. Management is fair. I felt disconnected from the company's mission.,3.62,2.52
GEN_650E22BA,0,N/A-StillEmployed,IT/IS,I feel my contributions are recognized and I see a clear career path.,3.66,3.7
GEN_1BC2FE3D,0,N/A-StillEmployed,Sales,I enjoy working here. The team is great and I feel valued.,4.41,3.7
GEN_E349A84F,0,N/A-StillEmployed,IT/IS,The company has been supportive of my growth. I appreciate the opportunities. I always felt engaged with the work itself.,4.0,4.63
GEN_E7CA081A,0,N/A-StillEmployed,Production,I feel my contributions are recognized and I see a clear career path.,3.0,4.32
GEN_DBF4DDFF,0,N/A-StillEmployed,IT/IS,I'm satisfied with my role and compensation. Management is fair.,4.13,4.49
GEN_2784CF16,0,N/A-StillEmployed,Sales,The company has been supportive of my growth. I appreciate the opportunities.,3.0,3.22
GEN_5AE34DB1,0,N/A-StillEmployed,Production,The company has been supportive of my growth. I appreciate the opportunities.,3.69,4.24
GEN_A2B17229,0,N/A-StillEmployed,IT/IS,Good work-life balance and collaborative environment keep me here. I always felt engaged with the work itself.,3.0,4.52
GEN_18370200,0,N/A-StillEmployed,Production,I feel my contributions are recognized and I see a clear career path.,4.64,4.27
GEN_3FA44A47,0,N/A-StillEmployed,Production,The benefits and culture are excellent. I'm happy with my decision to stay.,3.82,4.38
GEN_7A5FFB3F,0,N/A-StillEmployed,Production,The company has been supportive of my growth. I appreciate the opportunities.,4.34,4.43
GEN_028E401E,0,N/A-StillEmployed,Production,I enjoy working here. The team is great and I feel valued.,3.0,3.79
GEN_EC986B57,0,N/A-StillEmployed,Production,I enjoy working here. The team is great and I feel valued.,3.99,4.31
GEN_B7F962AA,0,N/A-StillEmployed,Production,Good work-life balance and collaborative environment keep me here. I always felt engaged with the work itself.,3.68,4.84
GEN_2F4B1C62,0,N/A-StillEmployed,Production,The company has been supportive of my growth. I appreciate the opportunities. I always felt engaged with the work itself.,3.64,4.81
GEN_CAA238BA,0,N/A-StillEmployed,IT/IS,My manager is supportive and the projects are interesting and challenging.,4.04,4.41
GEN_EA32ECDB,0,N/A-StillEmployed,Production,Good work-life balance and collaborative environment keep me here.,4.0,4.38
GEN_3FF7BCA6,0,N/A-StillEmployed,Software Engineering,Good work-life balance and collaborative environment keep me here. I always felt engaged with the work itself.,4.45,4.98
GEN_F026276A,0,N/A-StillEmployed,IT/IS,"Good work-life balance and collaborative environment keep me here. Despite this, I had many positive experiences here.",5.0,4.3
GEN_36ECC486,0,N/A-StillEmployed,Sales,The benefits and culture are excellent. I'm happy with my decision to stay. I felt disconnected from the company's mission.,3.0,2.67
GEN_0FA00168,0,N/A-StillEmployed,Sales,The company has been supportive of my growth. I appreciate the opportunities.,3.97,4.42
GEN_9625C932,0,N/A-StillEmployed,IT/IS,I've grown a lot professionally here and continue to learn new things.,4.0,3.55
GEN_E166286F,0,N/A-StillEmployed,Production,The company has been supportive of my growth. I appreciate the opportunities.,3.64,3.74
GEN_9ED36C19,0,N/A-StillEmployed,Production,I'm satisfied with my role and compensation. Management is fair. I always felt engaged with the work itself.,4.68,4.57
GEN_E8D628DB,0,N/A-StillEmployed,Production,"Good work-life balance and collaborative environment keep me here. Despite this, I had many positive experiences here. I always felt engaged with the work itself.",5.0,4.79
GEN_0064237D,0,N/A-StillEmployed,Production,Good work-life balance and collaborative environment keep me here.,3.0,4.06
GEN_0C32D8ED,0,N/A-StillEmployed,IT/IS,Good work-life balance and collaborative environment keep me here.,4.4,3.73
GEN_C8057703,0,N/A-StillEmployed,Production,"Good work-life balance and collaborative environment keep me here. Despite this, I had many positive experiences here.",5.0,4.38
GEN_7FAAA8A9,0,N/A-StillEmployed,IT/IS,I enjoy working here. The team is great and I feel valued.,3.0,3.68
GEN_759FC1CD,0,N/A-StillEmployed,Production,My manager is supportive and the projects are interesting and challenging. I felt disconnected from the company's mission.,2.71,2.77
GEN_F35C3F4C,0,N/A-StillEmployed,IT/IS,My manager is supportive and the projects are interesting and challenging.,3.0,3.86
GEN_3CB71097,0,N/A-StillEmployed,Production,The company has been supportive of my growth. I appreciate the opportunities. I always felt engaged with the work itself.,3.5,4.6
GEN_1B6730A3,0,N/A-StillEmployed,Production,I've grown a lot professionally here and continue to learn new things.,3.53,4.18
GEN_C36E1CD0,0,N/A-StillEmployed,Sales,My manager is supportive and the projects are interesting and challenging.,3.66,4.2
GEN_C32E2105,0,N/A-StillEmployed,Production,My manager is supportive and the projects are interesting and challenging. I always felt engaged with the work itself.,3.33,4.54
GEN_27F7C02C,0,N/A-StillEmployed,Admin Offices,Good work-life balance and collaborative environment keep me here.,3.67,4.3
GEN_AD62696D,0,N/A-StillEmployed,Sales,The company has been supportive of my growth. I appreciate the opportunities.,3.88,3.16
GEN_9DA9FF13,0,N/A-StillEmployed,Production,My manager is supportive and the projects are interesting and challenging.,3.75,4.3
GEN_638D84FD,0,N/A-StillEmployed,IT/IS,I feel my contributions are recognized and I see a clear career path. I felt disconnected from the company's mission.,2.21,2.96
GEN_94A0D289,0,N/A-StillEmployed,Production,"My manager is supportive and the projects are interesting and challenging. Overall, my satisfaction with the job was quite low.",1.62,3.29
GEN_A114EC8F,0,N/A-StillEmployed,IT/IS,"Good work-life balance and collaborative environment keep me here. Despite this, I had many positive experiences here. I always felt engaged with the work itself.",5.0,4.71
GEN_7EBE94D0,0,N/A-StillEmployed,Production,My manager is supportive and the projects are interesting and challenging.,4.0,3.86
GEN_8FC22147,0,N/A-StillEmployed,Software Engineering,The company has been supportive of my growth. I appreciate the opportunities.,3.87,4.27
GEN_F6AE667E,0,N/A-StillEmployed,IT/IS,The benefits and culture are excellent. I'm happy with my decision to stay.,3.69,4.01
GEN_CD923996,0,N/A-StillEmployed,Admin Offices,My manager is supportive and the projects are interesting and challenging. I always felt engaged with the work itself.,4.35,4.78
GEN_DA32AB88,0,N/A-StillEmployed,Production,I'm satisfied with my role and compensation. Management is fair.,4.2,3.62
GEN_10D109D2,0,N/A-StillEmployed,Production,Good work-life balance and collaborative environment keep me here. I felt disconnected from the company's mission.,2.67,2.97
GEN_B4CF3ADA,0,N/A-StillEmployed,Production,"I feel my contributions are recognized and I see a clear career path. Despite this, I had many positive experiences here.",5.0,4.1
GEN_0E4D7ED6,0,N/A-StillEmployed,IT/IS,Good work-life balance and collaborative environment keep me here.,4.63,3.85
GEN_33A80551,0,N/A-StillEmployed,Production,The company has been supportive of my growth. I appreciate the opportunities.,4.59,4.39
GEN_36F1B963,0,N/A-StillEmployed,Production,I've grown a lot professionally here and continue to learn new things.,3.53,4.04
GEN_39915427,0,N/A-StillEmployed,Production,The benefits and culture are excellent. I'm happy with my decision to stay.,3.0,3.61
GEN_0A4CCEEA,0,N/A-StillEmployed,Production,I enjoy working here. The team is great and I feel valued. I always felt engaged with the work itself.,4.43,4.72
GEN_6EECE1E3,0,N/A-StillEmployed,IT/IS,The benefits and culture are excellent. I'm happy with my decision to stay.,3.35,3.36
GEN_1617A184,0,N/A-StillEmployed,Software Engineering,I enjoy working here. The team is great and I feel valued. I always felt engaged with the work itself.,4.37,4.71
GEN_FE5C6BE0,0,N/A-StillEmployed,Sales,The benefits and culture are excellent. I'm happy with my decision to stay.,3.66,3.29
GEN_1F1B8992,0,N/A-StillEmployed,Production,My manager is supportive and the projects are interesting and challenging.,4.0,4.32
GEN_F128FBBA,0,N/A-StillEmployed,Production,My manager is supportive and the projects are interesting and challenging.,4.26,3.83
GEN_6DECE7D4,0,N/A-StillEmployed,Admin Offices,I've grown a lot professionally here and continue to learn new things.,4.02,4.39
GEN_21DB680C,0,N/A-StillEmployed,Admin Offices,Good work-life balance and collaborative environment keep me here.,2.69,4.14
GEN_B8D4EB11,0,N/A-StillEmployed,Sales,I enjoy working here. The team is great and I feel valued.,4.14,4.2
GEN_3FA562AA,0,N/A-StillEmployed,Sales,The company has been supportive of my growth. I appreciate the opportunities.,3.34,3.23
GEN_E812D2F4,0,N/A-StillEmployed,Production,The benefits and culture are excellent. I'm happy with my decision to stay. I always felt engaged with the work itself.,3.46,4.62
GEN_E04C718D,0,N/A-StillEmployed,IT/IS,The company has been supportive of my growth. I appreciate the opportunities.,3.0,3.29
GEN_52D66278,0,N/A-StillEmployed,Production,I enjoy working here. The team is great and I feel valued.,4.0,4.36
GEN_5D28576D,0,N/A-StillEmployed,Production,Good work-life balance and collaborative environment keep me here.,4.44,3.71
GEN_27218722,0,N/A-StillEmployed,Production,The benefits and culture are excellent. I'm happy with my decision to stay.,3.0,4.26
GEN_BA06C6A3,0,N/A-StillEmployed,Production,The company has been supportive of my growth. I appreciate the opportunities. I always felt engaged with the work itself.,3.7,4.79
GEN_0EDA6DB7,0,N/A-StillEmployed,IT/IS,Good work-life balance and collaborative environment keep me here.,4.55,4.33
GEN_CA7D26E7,0,N/A-StillEmployed,IT/IS,I feel my contributions are recognized and I see a clear career path. I always felt engaged with the work itself.,4.51,4.71
GEN_8F0E5D50,0,N/A-StillEmployed,IT/IS,My manager is supportive and the projects are interesting and challenging.,4.0,4.29
GEN_1E03E443,0,N/A-StillEmployed,Production,I've grown a lot professionally here and continue to learn new things. I always felt engaged with the work itself.,4.51,4.66
GEN_1A63B56C,0,N/A-StillEmployed,Production,The benefits and culture are excellent. I'm happy with my decision to stay.,3.31,3.76
GEN_D6B2D9D3,0,N/A-StillEmployed,IT/IS,"My manager is supportive and the projects are interesting and challenging. Despite this, I had many positive experiences here.",5.0,3.01
GEN_ECBB3622,0,N/A-StillEmployed,Software Engineering,I feel my contributions are recognized and I see a clear career path.,3.0,4.46
GEN_53812284,0,N/A-StillEmployed,IT/IS,The company has been supportive of my growth. I appreciate the opportunities.,4.45,4.05
GEN_F24E6E16,0,N/A-StillEmployed,Production,I feel my contributions are recognized and I see a clear career path.,4.39,4.49
GEN_4F77526A,0,N/A-StillEmployed,Production,"My manager is supportive and the projects are interesting and challenging. Despite this, I had many positive experiences here.",5.0,4.25
GEN_3BC84260,0,N/A-StillEmployed,IT/IS,I feel my contributions are recognized and I see a clear career path. I felt disconnected from the company's mission.,2.77,2.89
GEN_C3939C4B,0,N/A-StillEmployed,Production,Good work-life balance and collaborative environment keep me here. I always felt engaged with the work itself.,3.32,4.84
GEN_059F6E4E,0,N/A-StillEmployed,Production,I feel my contributions are recognized and I see a clear career path.,3.33,3.17
GEN_B84FE0E7,0,N/A-StillEmployed,Software Engineering,Good work-life balance and collaborative environment keep me here.,4.08,3.77
GEN_D9C48D1C,0,N/A-StillEmployed,Production,"I've grown a lot professionally here and continue to learn new things. Despite this, I had many positive experiences here.",5.0,3.25
GEN_1264EA01,0,N/A-StillEmployed,Sales,My manager is supportive and the projects are interesting and challenging.,3.49,3.26
GEN_1CDA45E1,0,N/A-StillEmployed,Production,I enjoy working here. The team is great and I feel valued.,3.0,4.05
GEN_377B0349,0,N/A-StillEmployed,Production,My manager is supportive and the projects are interesting and challenging.,4.0,4.14
GEN_3D67E083,0,N/A-StillEmployed,Production,"The benefits and culture are excellent. I'm happy with my decision to stay. Despite this, I had many positive experiences here. I always felt engaged with the work itself.",5.0,5.0
GEN_CAF16B8C,0,N/A-StillEmployed,IT/IS,I feel my contributions are recognized and I see a clear career path.,3.0,4.15
GEN_B4635772,0,N/A-StillEmployed,Production,I feel my contributions are recognized and I see a clear career path.,3.65,3.65
GEN_209F5DFA,0,N/A-StillEmployed,Production,I've grown a lot professionally here and continue to learn new things.,3.7,4.45
GEN_B5757005,0,N/A-StillEmployed,Production,I feel my contributions are recognized and I see a clear career path.,3.0,4.19
GEN_9E73632A,0,N/A-StillEmployed,IT/IS,I feel my contributions are recognized and I see a clear career path. I always felt engaged with the work itself.,4.0,4.56
GEN_C07076E2,0,N/A-StillEmployed,IT/IS,I've grown a lot professionally here and continue to learn new things.,4.63,4.5
GEN_3FF440F6,0,N/A-StillEmployed,IT/IS,I enjoy working here. The team is great and I feel valued.,4.0,4.24
GEN_ADAC34A7,0,N/A-StillEmployed,Software Engineering,I enjoy working here. The team is great and I feel valued.,3.0,3.63
GEN_D2D364FE,0,N/A-StillEmployed,IT/IS,"The company has been supportive of my growth. I appreciate the opportunities. Despite this, I had many positive experiences here.",5.0,3.68
GEN_721A973F,0,N/A-StillEmployed,Production,I enjoy working here. The team is great and I feel valued.,3.58,4.16
GEN_BBA8E8ED,0,N/A-StillEmployed,Production,I enjoy working here. The team is great and I feel valued. I always felt engaged with the work itself.,4.32,4.61
GEN_FD12439D,0,N/A-StillEmployed,Sales,I feel my contributions are recognized and I see a clear career path.,4.0,3.89
GEN_C90D2569,0,N/A-StillEmployed,Production,"I'm satisfied with my role and compensation. Management is fair. Despite this, I had many positive experiences here. I always felt engaged with the work itself.",5.0,4.93
GEN_D57AEC4E,0,N/A-StillEmployed,Production,I've grown a lot professionally here and continue to learn new things.,3.98,4.19
GEN_F05D07C9,0,N/A-StillEmployed,Production,I'm satisfied with my role and compensation. Management is fair.,3.97,4.23
GEN_408ABEC5,0,N/A-StillEmployed,Production,The benefits and culture are excellent. I'm happy with my decision to stay.,4.67,3.53
GEN_DB6F3E02,0,N/A-StillEmployed,IT/IS,The benefits and culture are excellent. I'm happy with my decision to stay.,3.82,3.59
GEN_7DD57CF7,0,N/A-StillEmployed,IT/IS,I enjoy working here. The team is great and I feel valued.,3.41,4.49
GEN_D91F798F,0,N/A-StillEmployed,Production,My manager is supportive and the projects are interesting and challenging. I always felt engaged with the work itself.,3.0,4.76
GEN_E1CF7159,0,N/A-StillEmployed,Production,My manager is supportive and the projects are interesting and challenging.,3.67,4.29
GEN_F1B27150,0,N/A-StillEmployed,Production,The company has been supportive of my growth. I appreciate the opportunities.,4.0,4.45
GEN_52D8E797,0,N/A-StillEmployed,Production,My manager is supportive and the projects are interesting and challenging.,3.8,3.65
GEN_940D0C7E,0,N/A-StillEmployed,Production,"My manager is supportive and the projects are interesting and challenging. Despite this, I had many positive experiences here.",5.0,3.72
GEN_F15C7DCA,0,N/A-StillEmployed,IT/IS,"I enjoy working here. The team is great and I feel valued. Overall, my satisfaction with the job was quite low. I felt disconnected from the company's mission.",1.74,2.84
GEN_A27ABBA4,0,N/A-StillEmployed,Production,I've grown a lot professionally here and continue to learn new things.,4.55,3.49
GEN_BDF721CC,0,N/A-StillEmployed,Software Engineering,I'm satisfied with my role and compensation. Management is fair.,4.31,4.5
GEN_7E20E75C,0,N/A-StillEmployed,Sales,I feel my contributions are recognized and I see a clear career path.,3.4,3.95
GEN_FE84B6FE,0,N/A-StillEmployed,Production,I feel my contributions are recognized and I see a clear career path.,4.34,4.45
GEN_7B865D76,0,N/A-StillEmployed,IT/IS,"The company has been supportive of my growth. I appreciate the opportunities. Despite this, I had many positive experiences here.",5.0,3.96
GEN_1487B6B1,0,N/A-StillEmployed,IT/IS,I'm satisfied with my role and compensation. Management is fair. I always felt engaged with the work itself.,4.0,4.74
GEN_06B4DA04,0,N/A-StillEmployed,Sales,Good work-life balance and collaborative environment keep me here.,3.0,3.08
GEN_95A88377,0,N/A-StillEmployed,IT/IS,The company has been supportive of my growth. I appreciate the opportunities.,3.38,3.66
GEN_3B39C386,0,N/A-StillEmployed,Sales,I've grown a lot professionally here and continue to learn new things.,4.32,3.68
GEN_6837BEDC,0,N/A-StillEmployed,Admin Offices,The benefits and culture are excellent. I'm happy with my decision to stay.,4.0,4.1
GEN_9B4B364D,0,N/A-StillEmployed,Production,I feel my contributions are recognized and I see a clear career path.,3.43,3.25
GEN_4AEB3387,0,N/A-StillEmployed,Production,Good work-life balance and collaborative environment keep me here. I always felt engaged with the work itself.,3.95,5.0
GEN_B7C07222,0,N/A-StillEmployed,Production,The company has been supportive of my growth. I appreciate the opportunities.,4.31,3.71
GEN_FC2061D9,0,N/A-StillEmployed,Production,I've grown a lot professionally here and continue to learn new things.,3.64,4.32
GEN_436F4884,0,N/A-StillEmployed,Production,The company has been supportive of my growth. I appreciate the opportunities. I always felt engaged with the work itself.,4.31,4.67
GEN_6D723970,0,N/A-StillEmployed,Production,My manager is supportive and the projects are interesting and challenging.,4.16,4.18
GEN_8CE826F4,0,N/A-StillEmployed,IT/IS,I enjoy working here. The team is great and I feel valued.,3.0,3.9
GEN_2E3B5050,0,N/A-StillEmployed,Production,I've grown a lot professionally here and continue to learn new things.,3.42,4.1
GEN_7F61EA31,0,N/A-StillEmployed,Production,I've grown a lot professionally here and continue to learn new things. I always felt engaged with the work itself.,3.0,4.53
GEN_69F6A2A4,0,N/A-StillEmployed,Production,The company has been supportive of my growth. I appreciate the opportunities.,3.47,3.95
GEN_04331A4D,0,N/A-StillEmployed,Production,Good work-life balance and collaborative environment keep me here.,3.92,3.44
GEN_B251D96F,0,N/A-StillEmployed,Production,The company has been supportive of my growth. I appreciate the opportunities. I always felt engaged with the work itself.,3.81,4.9
GEN_41EDFA5F,0,N/A-StillEmployed,Sales,I enjoy working here. The team is great and I feel valued. I always felt engaged with the work itself.,4.31,4.62
GEN_2107058F,0,N/A-StillEmployed,Production,My manager is supportive and the projects are interesting and challenging. I always felt engaged with the work itself.,3.55,4.81
GEN_59A14662,0,N/A-StillEmployed,Production,"I've grown a lot professionally here and continue to learn new things. Overall, my satisfaction with the job was quite low.",1.71,3.6
GEN_259E53A8,0,N/A-StillEmployed,IT/IS,The benefits and culture are excellent. I'm happy with my decision to stay. I always felt engaged with the work itself.,4.45,4.62
GEN_8B4304B9,0,N/A-StillEmployed,Production,The company has been supportive of my growth. I appreciate the opportunities.,3.51,4.1
GEN_746A61BB,0,N/A-StillEmployed,Production,I'm satisfied with my role and compensation. Management is fair.,3.61,4.29
GEN_C7F79518,0,N/A-StillEmployed,Production,The benefits and culture are excellent. I'm happy with my decision to stay.,3.0,4.38
GEN_3C463108,0,N/A-StillEmployed,IT/IS,I'm satisfied with my role and compensation. Management is fair.,3.42,4.19
GEN_96844463,0,N/A-StillEmployed,Sales,I'm satisfied with my role and compensation. Management is fair.,4.18,3.33
GEN_04F187FC,0,N/A-StillEmployed,Production,My manager is supportive and the projects are interesting and challenging. I always felt engaged with the work itself.,4.02,5.0
GEN_5B1CBECE,0,N/A-StillEmployed,IT/IS,The benefits and culture are excellent. I'm happy with my decision to stay.,4.39,3.7
GEN_FCFFB244,0,N/A-StillEmployed,Production,"The company has been supportive of my growth. I appreciate the opportunities. Despite this, I had many positive experiences here. I always felt engaged with the work itself.",5.0,4.9
GEN_B3265E54,0,N/A-StillEmployed,Production,"Good work-life balance and collaborative environment keep me here. Despite this, I had many positive experiences here.",5.0,3.72
GEN_7B454BD2,0,N/A-StillEmployed,IT/IS,I'm satisfied with my role and compensation. Management is fair.,3.71,3.63
GEN_DD234243,0,N/A-StillEmployed,Production,Good work-life balance and collaborative environment keep me here. I always felt engaged with the work itself.,4.3,4.72
GEN_60A91998,0,N/A-StillEmployed,Production,My manager is supportive and the projects are interesting and challenging.,3.86,4.4
GEN_1CC44AE5,0,N/A-StillEmployed,Production,My manager is supportive and the projects are interesting and challenging.,3.76,4.38
GEN_2522F7DF,0,N/A-StillEmployed,Sales,I've grown a lot professionally here and continue to learn new things.,4.15,3.63
GEN_DCAB4A73,0,N/A-StillEmployed,Production,The company has been supportive of my growth. I appreciate the opportunities.,3.44,4.12
GEN_D7286FE1,0,N/A-StillEmployed,Production,The company has been supportive of my growth. I appreciate the opportunities.,4.46,4.19
GEN_36C8EB86,0,N/A-StillEmployed,Production,My manager is supportive and the projects are interesting and challenging.,3.99,4.21
GEN_487DE58E,0,N/A-StillEmployed,Production,Good work-life balance and collaborative environment keep me here.,4.2,4.47
GEN_B060F296,0,N/A-StillEmployed,Production,Good work-life balance and collaborative environment keep me here.,3.0,3.63
GEN_6E60DEC1,0,N/A-StillEmployed,IT/IS,I'm satisfied with my role and compensation. Management is fair.,3.0,3.68
GEN_69D68212,0,N/A-StillEmployed,Production,I feel my contributions are recognized and I see a clear career path.,3.0,4.13
GEN_4AC14CAE,0,N/A-StillEmployed,IT/IS,I enjoy working here. The team is great and I feel valued.,3.7,3.99
GEN_2AA84CED,0,N/A-StillEmployed,Production,Good work-life balance and collaborative environment keep me here.,4.43,4.02
GEN_6CC6C7D3,0,N/A-StillEmployed,Production,I'm satisfied with my role and compensation. Management is fair. I always felt engaged with the work itself.,4.0,4.63
GEN_9B4E8739,0,N/A-StillEmployed,Production,Good work-life balance and collaborative environment keep me here.,4.0,3.27
GEN_301F17CF,0,N/A-StillEmployed,Sales,The benefits and culture are excellent. I'm happy with my decision to stay.,3.78,4.36
GEN_1481AB1C,0,N/A-StillEmployed,Production,I'm satisfied with my role and compensation. Management is fair.,3.92,3.87
GEN_6AB586EE,0,N/A-StillEmployed,Production,I'm satisfied with my role and compensation. Management is fair.,3.91,3.84
GEN_4AC0B43D,0,N/A-StillEmployed,IT/IS,Good work-life balance and collaborative environment keep me here. I felt disconnected from the company's mission.,3.0,2.77
GEN_768A6082,0,N/A-StillEmployed,Production,"I've grown a lot professionally here and continue to learn new things. Despite this, I had many positive experiences here. I always felt engaged with the work itself.",5.0,4.79
GEN_E4366C05,0,N/A-StillEmployed,IT/IS,The company has been supportive of my growth. I appreciate the opportunities.,3.61,4.1
GEN_1C6C2348,0,N/A-StillEmployed,Production,Good work-life balance and collaborative environment keep me here.,3.63,3.94
GEN_0C92AC06,0,N/A-StillEmployed,Production,The company has been supportive of my growth. I appreciate the opportunities.,4.15,3.57
GEN_6C966A2A,0,N/A-StillEmployed,Production,"My manager is supportive and the projects are interesting and challenging. Despite this, I had many positive experiences here.",5.0,4.04
GEN_2D9C4B21,0,N/A-StillEmployed,Production,Good work-life balance and collaborative environment keep me here. I always felt engaged with the work itself.,4.55,4.72
GEN_D80EBFB4,0,N/A-StillEmployed,Production,Good work-life balance and collaborative environment keep me here. I always felt engaged with the work itself.,4.0,4.79
GEN_9C1F0C5E,0,N/A-StillEmployed,Software Engineering,Good work-life balance and collaborative environment keep me here. I always felt engaged with the work itself.,4.39,4.8
GEN_B8C2ACC2,0,N/A-StillEmployed,IT/IS,My manager is supportive and the projects are interesting and challenging.,3.44,3.82
GEN_4E85B97D,0,N/A-StillEmployed,Production,The benefits and culture are excellent. I'm happy with my decision to stay.,3.93,3.42
GEN_B742C269,0,N/A-StillEmployed,Production,Good work-life balance and collaborative environment keep me here. I always felt engaged with the work itself.,4.24,4.6
GEN_0BDF6F97,0,N/A-StillEmployed,Production,My manager is supportive and the projects are interesting and challenging.,4.0,4.43
GEN_C8F459BF,0,N/A-StillEmployed,Production,"I enjoy working here. The team is great and I feel valued. Despite this, I had many positive experiences here.",5.0,4.15
GEN_4B3F0D5D,0,N/A-StillEmployed,Sales,"I enjoy working here. The team is great and I feel valued. Despite this, I had many positive experiences here.",5.0,4.32
GEN_5AC5F620,0,N/A-StillEmployed,Production,I've grown a lot professionally here and continue to learn new things.,4.65,3.82
GEN_0DF11753,0,N/A-StillEmployed,Sales,"I've grown a lot professionally here and continue to learn new things. Despite this, I had many positive experiences here.",5.0,4.0
GEN_3BA4644E,0,N/A-StillEmployed,Sales,I feel my contributions are recognized and I see a clear career path.,4.68,3.83
GEN_DF8D9253,0,N/A-StillEmployed,Production,I feel my contributions are recognized and I see a clear career path.,3.85,4.42
GEN_A971651E,0,N/A-StillEmployed,Production,The benefits and culture are excellent. I'm happy with my decision to stay.,3.59,4.1
GEN_752E0086,0,N/A-StillEmployed,Production,I enjoy working here. The team is great and I feel valued. I always felt engaged with the work itself.,4.42,4.82
GEN_1A6C7FF2,0,N/A-StillEmployed,Production,I enjoy working here. The team is great and I feel valued. I always felt engaged with the work itself.,4.0,4.89
GEN_0D38463E,0,N/A-StillEmployed,Admin Offices,I feel my contributions are recognized and I see a clear career path. I always felt engaged with the work itself.,4.0,4.54
GEN_A4E5B360,0,N/A-StillEmployed,Admin Offices,The company has been supportive of my growth. I appreciate the opportunities. I always felt engaged with the work itself.,3.67,4.58
GEN_69D75944,0,N/A-StillEmployed,Production,I'm satisfied with my role and compensation. Management is fair.,3.0,3.94
GEN_3E772CBA,0,N/A-StillEmployed,Production,The benefits and culture are excellent. I'm happy with my decision to stay.,2.56,3.02
GEN_FE5EA523,0,N/A-StillEmployed,Production,The company has been supportive of my growth. I appreciate the opportunities. I always felt engaged with the work itself.,4.38,4.55
GEN_B66C8009,0,N/A-StillEmployed,Production,The benefits and culture are excellent. I'm happy with my decision to stay. I always felt engaged with the work itself.,4.2,5.0
GEN_75D711F0,0,N/A-StillEmployed,Production,I feel my contributions are recognized and I see a clear career path.,4.25,4.07
GEN_9F8F5E8F,0,N/A-StillEmployed,Production,The company has been supportive of my growth. I appreciate the opportunities.,4.39,4.28
GEN_BDEAF884,0,N/A-StillEmployed,IT/IS,I've grown a lot professionally here and continue to learn new things.,4.35,4.14
GEN_E2C6EBC0,0,N/A-StillEmployed,IT/IS,Good work-life balance and collaborative environment keep me here.,4.0,4.3
GEN_F41C3EA5,0,N/A-StillEmployed,Sales,I feel my contributions are recognized and I see a clear career path.,3.9,4.29
GEN_D71F4DEB,0,N/A-StillEmployed,Production,I'm satisfied with my role and compensation. Management is fair.,3.53,4.37
GEN_D7EE27E2,0,N/A-StillEmployed,IT/IS,I'm satisfied with my role and compensation. Management is fair. I always felt engaged with the work itself.,4.25,4.56
GEN_E797C02A,0,N/A-StillEmployed,IT/IS,"I feel my contributions are recognized and I see a clear career path. Despite this, I had many positive experiences here.",5.0,4.34
GEN_BF1946D5,0,N/A-StillEmployed,Production,Good work-life balance and collaborative environment keep me here. I always felt engaged with the work itself.,3.57,4.56
GEN_FF5DD8F0,0,N/A-StillEmployed,Sales,I enjoy working here. The team is great and I feel valued.,4.52,4.5
GEN_A03BE545,0,N/A-StillEmployed,Sales,Good work-life balance and collaborative environment keep me here.,3.81,3.92
GEN_5BAF53CD,0,N/A-StillEmployed,IT/IS,I've grown a lot professionally here and continue to learn new things.,4.19,4.1
GEN_03CFE9F6,0,N/A-StillEmployed,Production,Good work-life balance and collaborative environment keep me here.,3.62,3.9
GEN_C4462768,0,N/A-StillEmployed,Production,I've grown a lot professionally here and continue to learn new things. I always felt engaged with the work itself.,3.69,4.58
GEN_ABA9E412,0,N/A-StillEmployed,Production,I'm satisfied with my role and compensation. Management is fair. I always felt engaged with the work itself.,4.33,5.0
GEN_0C9A8BB5,0,N/A-StillEmployed,Production,The benefits and culture are excellent. I'm happy with my decision to stay. I always felt engaged with the work itself.,3.71,4.55
GEN_54CF9F10,0,N/A-StillEmployed,IT/IS,The company has been supportive of my growth. I appreciate the opportunities. I felt disconnected from the company's mission.,3.42,2.95
GEN_ADFC9C3D,0,N/A-StillEmployed,Sales,I've grown a lot professionally here and continue to learn new things.,4.55,4.28
GEN_1DEB92C0,0,N/A-StillEmployed,Production,The benefits and culture are excellent. I'm happy with my decision to stay.,3.94,4.29
GEN_D264A195,0,N/A-StillEmployed,IT/IS,The company has been supportive of my growth. I appreciate the opportunities.,4.33,4.43
GEN_5D1CEDD7,0,N/A-StillEmployed,Production,The company has been supportive of my growth. I appreciate the opportunities. I always felt engaged with the work itself.,4.0,4.78
GEN_2F65D13E,0,N/A-StillEmployed,Production,I'm satisfied with my role and compensation. Management is fair.,4.0,3.73
GEN_BF4A50E7,0,N/A-StillEmployed,Production,I'm satisfied with my role and compensation. Management is fair.,4.41,3.88
GEN_0470FD9B,0,N/A-StillEmployed,IT/IS,The benefits and culture are excellent. I'm happy with my decision to stay.,3.0,4.49
GEN_437627AD,0,N/A-StillEmployed,Sales,I'm satisfied with my role and compensation. Management is fair. I always felt engaged with the work itself.,4.37,4.56
GEN_33C37732,0,N/A-StillEmployed,Production,"I enjoy working here. The team is great and I feel valued. Despite this, I had many positive experiences here. I always felt engaged with the work itself.",5.0,4.58
GEN_CF5A83FB,0,N/A-StillEmployed,IT/IS,The benefits and culture are excellent. I'm happy with my decision to stay. I felt disconnected from the company's mission.,4.28,2.42
GEN_A1BD20F2,0,N/A-StillEmployed,Software Engineering,I enjoy working here. The team is great and I feel valued. I always felt engaged with the work itself.,3.78,4.51
GEN_F3486965,0,N/A-StillEmployed,Production,The company has been supportive of my growth. I appreciate the opportunities. I always felt engaged with the work itself.,4.47,4.9
GEN_EEE63126,0,N/A-StillEmployed,Production,Good work-life balance and collaborative environment keep me here.,3.69,3.86
GEN_AC91060B,0,N/A-StillEmployed,Executive Office,Good work-life balance and collaborative environment keep me here. I always felt engaged with the work itself.,3.61,4.93
GEN_B64B4E23,0,N/A-StillEmployed,Sales,Good work-life balance and collaborative environment keep me here.,3.79,3.92
GEN_64B62471,0,N/A-StillEmployed,IT/IS,The company has been supportive of my growth. I appreciate the opportunities.,4.62,4.16
GEN_7DEF796C,0,N/A-StillEmployed,IT/IS,I've grown a lot professionally here and continue to learn new things. I always felt engaged with the work itself.,3.48,4.97
GEN_B404EC3E,0,N/A-StillEmployed,IT/IS,"My manager is supportive and the projects are interesting and challenging. Despite this, I had many positive experiences here. I always felt engaged with the work itself.",5.0,4.59
GEN_22C13860,0,N/A-StillEmployed,IT/IS,Good work-life balance and collaborative environment keep me here.,4.44,3.88
GEN_A429CCD1,0,N/A-StillEmployed,Production,The company has been supportive of my growth. I appreciate the opportunities.,2.75,3.23
GEN_2675DE70,0,N/A-StillEmployed,Production,"I've grown a lot professionally here and continue to learn new things. Despite this, I had many positive experiences here.",5.0,3.76
GEN_E72550B6,0,N/A-StillEmployed,IT/IS,I'm satisfied with my role and compensation. Management is fair.,4.06,4.15
GEN_DB9EDDBC,0,N/A-StillEmployed,IT/IS,I feel my contributions are recognized and I see a clear career path.,3.52,4.17
GEN_7EE7C05A,0,N/A-StillEmployed,Production,My manager is supportive and the projects are interesting and challenging.,3.9,4.25
GEN_C0ACACC0,0,N/A-StillEmployed,Production,The benefits and culture are excellent. I'm happy with my decision to stay.,3.0,3.74
GEN_6FB553AD,0,N/A-StillEmployed,Production,"The company has been supportive of my growth. I appreciate the opportunities. Despite this, I had many positive experiences here.",5.0,4.49
GEN_C9A0069B,0,N/A-StillEmployed,Production,I enjoy working here. The team is great and I feel valued.,3.66,3.59
GEN_67440902,0,N/A-StillEmployed,IT/IS,The company has been supportive of my growth. I appreciate the opportunities. I always felt engaged with the work itself.,3.62,4.79
GEN_54B9E5EA,0,N/A-StillEmployed,Sales,I feel my contributions are recognized and I see a clear career path.,3.35,4.41
GEN_70CE9BBA,0,N/A-StillEmployed,IT/IS,I'm satisfied with my role and compensation. Management is fair.,4.54,4.29
GEN_17F5D206,0,N/A-StillEmployed,Production,I've grown a lot professionally here and continue to learn new things.,3.63,4.11
GEN_82D5285A,0,N/A-StillEmployed,Production,"I enjoy working here. The team is great and I feel valued. Despite this, I had many positive experiences here. I always felt engaged with the work itself.",5.0,5.0
GEN_2AE76BCE,0,N/A-StillEmployed,Production,The benefits and culture are excellent. I'm happy with my decision to stay.,3.0,3.76
GEN_9B91C548,0,N/A-StillEmployed,Sales,The company has been supportive of my growth. I appreciate the opportunities. I felt disconnected from the company's mission.,3.01,2.88
GEN_382D5761,0,N/A-StillEmployed,Production,I'm satisfied with my role and compensation. Management is fair.,4.56,4.22
GEN_84193A4F,0,N/A-StillEmployed,Production,I feel my contributions are recognized and I see a clear career path.,4.0,4.14
GEN_00D25565,0,N/A-StillEmployed,Sales,I feel my contributions are recognized and I see a clear career path.,3.0,3.76
GEN_AD2249FB,0,N/A-StillEmployed,IT/IS,"I feel my contributions are recognized and I see a clear career path. Despite this, I had many positive experiences here.",5.0,4.45
GEN_65508648,0,N/A-StillEmployed,Production,Good work-life balance and collaborative environment keep me here.,4.35,4.18
GEN_CB230C56,0,N/A-StillEmployed,Production,Good work-life balance and collaborative environment keep me here. I always felt engaged with the work itself.,3.0,4.66
GEN_26326728,0,N/A-StillEmployed,Production,The company has been supportive of my growth. I appreciate the opportunities.,4.6,4.05
GEN_C15DF3C7,0,N/A-StillEmployed,Production,I've grown a lot professionally here and continue to learn new things.,4.41,3.81
GEN_64239BCB,0,N/A-StillEmployed,Production,I've grown a lot professionally here and continue to learn new things.,3.78,4.11
GEN_DB1BC5D3,0,N/A-StillEmployed,IT/IS,I feel my contributions are recognized and I see a clear career path.,4.54,3.64
GEN_CCC8337B,0,N/A-StillEmployed,Production,The benefits and culture are excellent. I'm happy with my decision to stay.,4.0,4.0
GEN_0DDE0052,0,N/A-StillEmployed,Production,I enjoy working here. The team is great and I feel valued.,4.63,3.76
GEN_CD426B4C,0,N/A-StillEmployed,Production,The benefits and culture are excellent. I'm happy with my decision to stay. I always felt engaged with the work itself.,4.55,4.72
GEN_19E7BB17,0,N/A-StillEmployed,Production,I've grown a lot professionally here and continue to learn new things.,3.69,4.48
GEN_786B8145,0,N/A-StillEmployed,Production,I've grown a lot professionally here and continue to learn new things.,3.6,4.46
GEN_E12ED878,0,N/A-StillEmployed,IT/IS,My manager is supportive and the projects are interesting and challenging.,3.66,4.34
GEN_A70680B3,0,N/A-StillEmployed,Production,"My manager is supportive and the projects are interesting and challenging. Despite this, I had many positive experiences here.",5.0,3.88
GEN_C779C900,0,N/A-StillEmployed,Production,I've grown a lot professionally here and continue to learn new things.,4.57,3.84
GEN_DCD68211,0,N/A-StillEmployed,Production,My manager is supportive and the projects are interesting and challenging.,4.56,4.4
GEN_9AC059E6,0,N/A-StillEmployed,Production,"I feel my contributions are recognized and I see a clear career path. Despite this, I had many positive experiences here.",5.0,3.77
GEN_2FE47CD8,0,N/A-StillEmployed,Production,"The benefits and culture are excellent. I'm happy with my decision to stay. Despite this, I had many positive experiences here. I always felt engaged with the work itself.",5.0,4.59
GEN_936FB582,0,N/A-StillEmployed,Production,I enjoy working here. The team is great and I feel valued.,4.1,3.85
GEN_B9E01C14,0,N/A-StillEmployed,Production,I enjoy working here. The team is great and I feel valued. I always felt engaged with the work itself.,4.07,4.58
GEN_7A85C1C6,0,N/A-StillEmployed,Production,My manager is supportive and the projects are interesting and challenging.,3.36,4.42
GEN_D70DCCDF,0,N/A-StillEmployed,Production,I enjoy working here. The team is great and I feel valued. I always felt engaged with the work itself.,3.0,4.51
GEN_0E5175F9,0,N/A-StillEmployed,IT/IS,My manager is supportive and the projects are interesting and challenging. I always felt engaged with the work itself.,3.97,4.66
GEN_6FEC882C,0,N/A-StillEmployed,Sales,I've grown a lot professionally here and continue to learn new things. I always felt engaged with the work itself.,4.0,4.83
GEN_229FFDE4,0,N/A-StillEmployed,Production,The company has been supportive of my growth. I appreciate the opportunities. I always felt engaged with the work itself.,4.19,4.62
GEN_27AC7C35,0,N/A-StillEmployed,Admin Offices,I enjoy working here. The team is great and I feel valued.,3.0,3.76
GEN_27D7CCAF,0,N/A-StillEmployed,Sales,"I've grown a lot professionally here and continue to learn new things. Despite this, I had many positive experiences here. I always felt engaged with the work itself.",5.0,4.56
GEN_FE274012,0,N/A-StillEmployed,Production,My manager is supportive and the projects are interesting and challenging.,2.83,4.16
GEN_970AF952,0,N/A-StillEmployed,Production,My manager is supportive and the projects are interesting and challenging. I felt disconnected from the company's mission.,3.14,2.8
GEN_6E5457B3,0,N/A-StillEmployed,IT/IS,I feel my contributions are recognized and I see a clear career path. I always felt engaged with the work itself.,3.79,4.72
GEN_C973D34F,0,N/A-StillEmployed,IT/IS,Good work-life balance and collaborative environment keep me here.,4.24,3.77
GEN_35185350,0,N/A-StillEmployed,Production,I've grown a lot professionally here and continue to learn new things.,4.56,4.38
GEN_2FC72571,0,N/A-StillEmployed,Production,I'm satisfied with my role and compensation. Management is fair. I always felt engaged with the work itself.,3.6,4.54
GEN_C72CD82E,0,N/A-StillEmployed,IT/IS,"The benefits and culture are excellent. I'm happy with my decision to stay. Despite this, I had many positive experiences here.",5.0,3.59
GEN_5099C1F3,0,N/A-StillEmployed,Production,I feel my contributions are recognized and I see a clear career path.,3.35,3.75
GEN_C6AD0C47,0,N/A-StillEmployed,Sales,The benefits and culture are excellent. I'm happy with my decision to stay.,3.66,4.4
GEN_EDE8C5CC,0,N/A-StillEmployed,Sales,I enjoy working here. The team is great and I feel valued. I always felt engaged with the work itself.,4.0,4.57
GEN_A4E34145,0,N/A-StillEmployed,Production,I've grown a lot professionally here and continue to learn new things.,3.68,3.7
GEN_F7EB4247,0,N/A-StillEmployed,Production,"The company has been supportive of my growth. I appreciate the opportunities. Despite this, I had many positive experiences here.",5.0,3.54
GEN_99D1BC9A,0,N/A-StillEmployed,Software Engineering,I'm satisfied with my role and compensation. Management is fair. I always felt engaged with the work itself.,3.84,4.56
GEN_95EA7161,0,N/A-StillEmployed,Production,I'm satisfied with my role and compensation. Management is fair. I always felt engaged with the work itself.,4.64,4.68
GEN_C3CF58EA,0,N/A-StillEmployed,Production,I'm satisfied with my role and compensation. Management is fair. I felt disconnected from the company's mission.,3.27,2.76
GEN_0FB70767,0,N/A-StillEmployed,Production,I've grown a lot professionally here and continue to learn new things.,3.98,3.26
GEN_F4BC1B89,0,N/A-StillEmployed,Production,I'm satisfied with my role and compensation. Management is fair.,3.0,3.65
GEN_A1B792EC,0,N/A-StillEmployed,Sales,I've grown a lot professionally here and continue to learn new things.,3.74,3.66
GEN_0A0F88C3,0,N/A-StillEmployed,Sales,Good work-life balance and collaborative environment keep me here.,3.15,3.12
GEN_46A3CE1B,0,N/A-StillEmployed,Production,I'm satisfied with my role and compensation. Management is fair. I felt disconnected from the company's mission.,4.09,2.62
GEN_11F315FC,0,N/A-StillEmployed,Production,"My manager is supportive and the projects are interesting and challenging. Despite this, I had many positive experiences here.",5.0,4.2
GEN_75C1902C,0,N/A-StillEmployed,Executive Office,The company has been supportive of my growth. I appreciate the opportunities. I always felt engaged with the work itself.,3.62,4.63
GEN_A5E95430,0,N/A-StillEmployed,Production,I enjoy working here. The team is great and I feel valued. I always felt engaged with the work itself.,3.62,4.52
GEN_F96041CD,0,N/A-StillEmployed,IT/IS,I feel my contributions are recognized and I see a clear career path.,4.65,3.81
GEN_F15525EF,0,N/A-StillEmployed,Production,The company has been supportive of my growth. I appreciate the opportunities. I always felt engaged with the work itself.,3.67,4.62
GEN_D23A44FE,0,N/A-StillEmployed,IT/IS,The benefits and culture are excellent. I'm happy with my decision to stay.,4.45,4.25
GEN_98237957,0,N/A-StillEmployed,Production,My manager is supportive and the projects are interesting and challenging. I always felt engaged with the work itself.,4.06,4.53
GEN_ED94277C,0,N/A-StillEmployed,Production,My manager is supportive and the projects are interesting and challenging.,4.24,4.39
GEN_D17DE0BD,0,N/A-StillEmployed,Production,The benefits and culture are excellent. I'm happy with my decision to stay. I always felt engaged with the work itself.,3.66,4.57
GEN_256C4A91,0,N/A-StillEmployed,Production,The company has been supportive of my growth. I appreciate the opportunities.,4.0,3.05
GEN_82BA8E20,0,N/A-StillEmployed,Production,I'm satisfied with my role and compensation. Management is fair.,4.27,4.14
GEN_4E480C92,0,N/A-StillEmployed,Production,I've grown a lot professionally here and continue to learn new things.,4.57,4.29
GEN_A2029FCB,0,N/A-StillEmployed,Sales,"I enjoy working here. The team is great and I feel valued. Despite this, I had many positive experiences here. I always felt engaged with the work itself.",5.0,4.68
GEN_85D49305,0,N/A-StillEmployed,Production,Good work-life balance and collaborative environment keep me here.,4.25,3.54
GEN_6A4B4B55,0,N/A-StillEmployed,IT/IS,The company has been supportive of my growth. I appreciate the opportunities.,3.57,4.13
GEN_0B944F6D,0,N/A-StillEmployed,Sales,"Good work-life balance and collaborative environment keep me here. Despite this, I had many positive experiences here.",5.0,4.18
GEN_BB78D9C8,0,N/A-StillEmployed,Production,My manager is supportive and the projects are interesting and challenging.,4.06,4.45
GEN_644DF966,0,N/A-StillEmployed,Production,I've grown a lot professionally here and continue to learn new things.,3.0,4.21
GEN_DD7FF5F0,0,N/A-StillEmployed,Production,"I've grown a lot professionally here and continue to learn new things. Despite this, I had many positive experiences here. I always felt engaged with the work itself.",5.0,4.8
GEN_B8572807,0,N/A-StillEmployed,Production,I've grown a lot professionally here and continue to learn new things. I always felt engaged with the work itself.,4.48,4.9
GEN_61157728,0,N/A-StillEmployed,IT/IS,The benefits and culture are excellent. I'm happy with my decision to stay.,3.87,4.16
GEN_16719117,0,N/A-StillEmployed,Admin Offices,Good work-life balance and collaborative environment keep me here.,3.86,3.76
GEN_9400D132,0,N/A-StillEmployed,IT/IS,My manager is supportive and the projects are interesting and challenging.,4.49,3.93
GEN_40961AE0,0,N/A-StillEmployed,Production,My manager is supportive and the projects are interesting and challenging. I always felt engaged with the work itself.,3.0,4.65
GEN_75FB5BC9,0,N/A-StillEmployed,IT/IS,The benefits and culture are excellent. I'm happy with my decision to stay.,4.0,3.12
GEN_F9A5431F,0,N/A-StillEmployed,Admin Offices,Good work-life balance and collaborative environment keep me here.,2.63,3.43
GEN_A3FCD2E5,0,N/A-StillEmployed,Production,The benefits and culture are excellent. I'm happy with my decision to stay.,3.91,4.37
GEN_A3B18389,0,N/A-StillEmployed,Sales,The company has been supportive of my growth. I appreciate the opportunities.,3.46,3.28
GEN_0377A474,0,N/A-StillEmployed,Production,The benefits and culture are excellent. I'm happy with my decision to stay.,3.0,4.38
GEN_EE1FA53D,0,N/A-StillEmployed,Production,The company has been supportive of my growth. I appreciate the opportunities.,3.31,4.2
GEN_AC8428B5,0,N/A-StillEmployed,IT/IS,The company has been supportive of my growth. I appreciate the opportunities. I always felt engaged with the work itself.,4.41,4.67
GEN_50AED74F,0,N/A-StillEmployed,Sales,Good work-life balance and collaborative environment keep me here.,4.43,4.49
GEN_268B9597,0,N/A-StillEmployed,Production,The benefits and culture are excellent. I'm happy with my decision to stay.,3.62,4.36
GEN_49E769BD,0,N/A-StillEmployed,IT/IS,"The company has been supportive of my growth. I appreciate the opportunities. Despite this, I had many positive experiences here. I always felt engaged with the work itself.",5.0,4.8
GEN_05A98838,0,N/A-StillEmployed,Sales,The company has been supportive of my growth. I appreciate the opportunities.,4.0,4.09
GEN_98183455,0,N/A-StillEmployed,Software Engineering,The benefits and culture are excellent. I'm happy with my decision to stay. I always felt engaged with the work itself.,4.53,4.74
GEN_49CA1077,0,N/A-StillEmployed,Production,The benefits and culture are excellent. I'm happy with my decision to stay.,4.31,4.24
GEN_0DEB0982,0,N/A-StillEmployed,IT/IS,My manager is supportive and the projects are interesting and challenging. I always felt engaged with the work itself.,4.36,4.68
GEN_B4E8F960,0,N/A-StillEmployed,Production,I'm satisfied with my role and compensation. Management is fair. I always felt engaged with the work itself.,4.39,4.75
GEN_705B336B,0,N/A-StillEmployed,Production,The benefits and culture are excellent. I'm happy with my decision to stay. I always felt engaged with the work itself.,4.62,4.58
GEN_9DB10B5E,0,N/A-StillEmployed,Production,The company has been supportive of my growth. I appreciate the opportunities. I always felt engaged with the work itself.,4.58,4.58
GEN_8D09F922,0,N/A-StillEmployed,Production,The benefits and culture are excellent. I'm happy with my decision to stay.,4.45,4.47
GEN_05E77A8D,0,N/A-StillEmployed,Production,I enjoy working here. The team is great and I feel valued.,3.0,4.18
GEN_27929A10,0,N/A-StillEmployed,IT/IS,My manager is supportive and the projects are interesting and challenging.,4.08,3.56
GEN_4A46924E,0,N/A-StillEmployed,Production,I've grown a lot professionally here and continue to learn new things.,3.46,4.39
GEN_3AAA2A1D,0,N/A-StillEmployed,IT/IS,I enjoy working here. The team is great and I feel valued.,4.0,4.23
GEN_C788D17C,0,N/A-StillEmployed,Sales,My manager is supportive and the projects are interesting and challenging. I always felt engaged with the work itself.,4.32,4.69
GEN_B103D194,0,N/A-StillEmployed,Production,I feel my contributions are recognized and I see a clear career path.,3.33,3.91
GEN_52D80F7A,0,N/A-StillEmployed,Production,I'm satisfied with my role and compensation. Management is fair.,4.0,4.25
GEN_47D1B7DA,0,N/A-StillEmployed,Production,Good work-life balance and collaborative environment keep me here.,3.66,4.25
GEN_C5009968,0,N/A-StillEmployed,Production,I enjoy working here. The team is great and I feel valued.,3.42,4.21
GEN_BB211933,0,N/A-StillEmployed,IT/IS,I feel my contributions are recognized and I see a clear career path.,3.44,3.3
GEN_B20C2E3F,0,N/A-StillEmployed,Production,My manager is supportive and the projects are interesting and challenging.,4.0,3.47
GEN_845852AF,0,N/A-StillEmployed,Production,I'm satisfied with my role and compensation. Management is fair.,4.64,4.41
GEN_330BE851,0,N/A-StillEmployed,Admin Offices,I've grown a lot professionally here and continue to learn new things.,4.45,3.57
GEN_1BF3173E,0,N/A-StillEmployed,IT/IS,I'm satisfied with my role and compensation. Management is fair. I always felt engaged with the work itself.,4.39,4.52
GEN_3B7AE55D,0,N/A-StillEmployed,Production,The benefits and culture are excellent. I'm happy with my decision to stay.,4.47,3.6
GEN_BF5034BB,0,N/A-StillEmployed,IT/IS,My manager is supportive and the projects are interesting and challenging.,3.32,3.26
GEN_8B0AF5E0,0,N/A-StillEmployed,Production,"The company has been supportive of my growth. I appreciate the opportunities. Despite this, I had many positive experiences here.",5.0,4.42
GEN_C3F653C9,0,N/A-StillEmployed,Production,I enjoy working here. The team is great and I feel valued.,3.4,4.43
GEN_20A0FCC5,0,N/A-StillEmployed,Production,I enjoy working here. The team is great and I feel valued.,4.52,4.09
GEN_E9D9D8A2,0,N/A-StillEmployed,Production,I'm satisfied with my role and compensation. Management is fair.,4.65,3.98
GEN_DF504233,0,N/A-StillEmployed,Production,My manager is supportive and the projects are interesting and challenging.,3.68,4.21
GEN_12D5287C,0,N/A-StillEmployed,Production,The benefits and culture are excellent. I'm happy with my decision to stay.,4.07,4.02
GEN_169DAA11,0,N/A-StillEmployed,Production,"I've grown a lot professionally here and continue to learn new things. Despite this, I had many positive experiences here. I felt disconnected from the company's mission.",5.0,2.72
GEN_C8CA2D7A,0,N/A-StillEmployed,Production,My manager is supportive and the projects are interesting and challenging.,3.45,4.39
GEN_0165F3BF,0,N/A-StillEmployed,IT/IS,The benefits and culture are excellent. I'm happy with my decision to stay. I always felt engaged with the work itself.,3.42,4.8
GEN_AC7141C6,0,N/A-StillEmployed,Production,My manager is supportive and the projects are interesting and challenging. I always felt engaged with the work itself.,3.92,4.57
GEN_7AAE0EC7,0,N/A-StillEmployed,Production,The benefits and culture are excellent. I'm happy with my decision to stay.,4.31,4.48
GEN_A3CFF29D,0,N/A-StillEmployed,IT/IS,I feel my contributions are recognized and I see a clear career path.,4.24,4.01
GEN_26BAE616,0,N/A-StillEmployed,Production,The company has been supportive of my growth. I appreciate the opportunities.,4.45,4.07
GEN_F4C2AEED,0,N/A-StillEmployed,Sales,"The company has been supportive of my growth. I appreciate the opportunities. Despite this, I had many positive experiences here.",5.0,3.62
GEN_92EF17B2,0,N/A-StillEmployed,IT/IS,The benefits and culture are excellent. I'm happy with my decision to stay.,4.37,3.91
GEN_15503B83,1,unhappy,Production,I decided to pursue a different career path that I'm more passionate about.,4.35,4.2
GEN_DDC562CF,1,unhappy,Production,Work-life balance was terrible. I was constantly stressed and burned out.,3.69,3.74
GEN_A4BE4E05,1,unhappy,Production,I found an opportunity that better aligned with my career goals. I always felt engaged with the work itself.,4.0,4.68
GEN_3665E499,1,unhappy,Production,I decided to pursue a different career path that I'm more passionate about.,4.0,3.55
GEN_9F182FA0,1,unhappy,Production,Management didn't listen to our concerns. Nothing changed despite feedback. I always felt engaged with the work itself.,4.33,4.72
GEN_6C9C2081,1,unhappy,Production,I found an opportunity that better aligned with my career goals. I felt disconnected from the company's mission.,2.51,2.42
GEN_60DC125A,1,unhappy,Production,The long hours were taking a toll on my health and family life.,4.5,4.17
GEN_3A61A6B2,1,unhappy,IT/IS,"Despite good performance reviews, my compensation didn't reflect my contributions.",2.78,3.22
GEN_04B1FE77,1,unhappy,Production,I received a much better offer elsewhere. My salary here was below market rate. I felt disconnected from the company's mission.,2.65,2.75
GEN_B600F2D5,1,unhappy,Production,I decided to pursue a different career path that I'm more passionate about. I always felt engaged with the work itself.,3.0,5.0
GEN_DE7C95D4,1,unhappy,Production,I decided to pursue a different career path that I'm more passionate about.,4.0,3.78
GEN_B6B67487,1,unhappy,Production,I felt undervalued in my role. The work environment was not supportive.,4.63,4.1
GEN_0B5134CF,1,unhappy,Production,Work-life balance was terrible. I was constantly stressed and burned out.,3.0,3.86
GEN_51B0C4E6,1,unhappy,Production,I received a much better offer elsewhere. My salary here was below market rate.,4.51,4.12
GEN_46E9F067,1,unhappy,Sales,Work-life balance was terrible. I was constantly stressed and burned out.,4.0,4.13
GEN_224B587A,1,unhappy,Production,I felt undervalued in my role. The work environment was not supportive. I always felt engaged with the work itself.,4.09,4.79
GEN_029A8AFB,1,unhappy,Production,I felt undervalued in my role. The work environment was not supportive. I always felt engaged with the work itself.,3.37,4.56
GEN_F680DEBB,1,unhappy,Sales,I decided to pursue a different career path that I'm more passionate about.,4.0,4.02
GEN_15DE48B3,1,unhappy,IT/IS,I decided to pursue a different career path that I'm more passionate about. I always felt engaged with the work itself.,4.32,4.52
GEN_68F88D36,1,unhappy,Production,"Despite good performance reviews, my compensation didn't reflect my contributions.",4.0,4.29
GEN_DA123D01,1,unhappy,Production,I decided to pursue a different career path that I'm more passionate about. I always felt engaged with the work itself.,4.0,4.6
GEN_69E87718,1,unhappy,IT/IS,"Despite good performance reviews, my compensation didn't reflect my contributions.",3.47,4.24
GEN_B185DAB9,1,unhappy,Production,I received a much better offer elsewhere. My salary here was below market rate.,4.0,3.71
GEN_DC924DD2,1,unhappy,Production,Management didn't listen to our concerns. Nothing changed despite feedback.,3.59,4.25
GEN_ED87ABD2,1,unhappy,Production,Work-life balance was terrible. I was constantly stressed and burned out.,3.0,3.59
GEN_D542939E,1,unhappy,Production,I found an opportunity that better aligned with my career goals.,3.47,4.01
GEN_AF90DE39,1,unhappy,Production,I found an opportunity that better aligned with my career goals.,3.0,4.37
GEN_854BF66F,1,unhappy,Production,"Despite good performance reviews, my compensation didn't reflect my contributions.",3.34,3.65
GEN_A70F2A4E,1,unhappy,Production,I felt undervalued in my role. The work environment was not supportive.,4.6,4.27
GEN_12E7B870,1,unhappy,Production,I decided to pursue a different career path that I'm more passionate about.,3.87,4.44
GEN_7723B1B1,1,unhappy,Production,I found an opportunity that better aligned with my career goals.,4.55,4.4
GEN_EC0DFF23,1,unhappy,Production,Work-life balance was terrible. I was constantly stressed and burned out.,4.19,4.32
GEN_9ADD9AB7,1,unhappy,Production,I found an opportunity that better aligned with my career goals. I always felt engaged with the work itself.,3.59,4.87
GEN_3672FD41,1,unhappy,Production,I decided to pursue a different career path that I'm more passionate about. I always felt engaged with the work itself.,3.52,4.95
GEN_54ABC73B,1,unhappy,Software Engineering,"I decided to pursue a different career path that I'm more passionate about. Despite this, I had many positive experiences here.",5.0,4.24
GEN_6AD62868,1,unhappy,Production,I felt undervalued in my role. The work environment was not supportive. I always felt engaged with the work itself.,3.0,4.51
GEN_A504DA2A,1,unhappy,IT/IS,I found an opportunity that better aligned with my career goals.,4.18,3.28
GEN_9816CE51,1,unhappy,IT/IS,The long hours were taking a toll on my health and family life. I always felt engaged with the work itself.,4.35,4.63
GEN_BBEA28BB,1,unhappy,Production,I received a much better offer elsewhere. My salary here was below market rate.,3.47,3.88
GEN_3E5C7B19,1,unhappy,Production,I felt undervalued in my role. The work environment was not supportive.,3.95,3.72
GEN_EF5D9D7F,1,unhappy,Production,I decided to pursue a different career path that I'm more passionate about. I felt disconnected from the company's mission.,3.35,2.87
GEN_79D5C04E,1,unhappy,Production,Work-life balance was terrible. I was constantly stressed and burned out.,3.38,3.76
GEN_94C048FA,1,unhappy,Production,The long hours were taking a toll on my health and family life. I always felt engaged with the work itself.,4.19,4.54
GEN_4BE94725,1,unhappy,Production,I received a much better offer elsewhere. My salary here was below market rate.,3.26,3.79
GEN_931860B7,1,unhappy,Production,Work-life balance was terrible. I was constantly stressed and burned out.,3.66,3.11
GEN_9ED01AD4,1,unhappy,Production,The long hours were taking a toll on my health and family life.,4.0,4.26
GEN_B9090EE0,1,unhappy,Production,The long hours were taking a toll on my health and family life.,3.77,4.31
GEN_2B56ED92,1,unhappy,Production,I felt undervalued in my role. The work environment was not supportive. I always felt engaged with the work itself.,3.38,4.86
GEN_B3954E87,1,unhappy,Production,I found an opportunity that better aligned with my career goals.,4.32,3.7
GEN_EAD6E9DE,1,unhappy,Production,Work-life balance was terrible. I was constantly stressed and burned out. I always felt engaged with the work itself.,3.45,4.62
GEN_EF8D3F43,1,unhappy,Sales,I decided to pursue a different career path that I'm more passionate about.,4.32,3.71
GEN_FA2B2B5A,1,unhappy,Production,The long hours were taking a toll on my health and family life. I felt disconnected from the company's mission.,4.57,2.92
GEN_4C480966,1,unhappy,Production,"Despite good performance reviews, my compensation didn't reflect my contributions.",4.13,4.13
GEN_A90AEA54,1,unhappy,Production,I decided to pursue a different career path that I'm more passionate about.,4.49,4.25
GEN_97A3FBE9,1,unhappy,Production,Work-life balance was terrible. I was constantly stressed and burned out. I always felt engaged with the work itself.,3.4,5.0
GEN_BE0764A2,1,unhappy,Production,Management didn't listen to our concerns. Nothing changed despite feedback.,2.55,3.81
GEN_0872F66E,1,unhappy,Production,The long hours were taking a toll on my health and family life.,4.54,3.46
GEN_49EA012E,1,unhappy,Production,I decided to pursue a different career path that I'm more passionate about. I felt disconnected from the company's mission.,3.61,2.66
GEN_BB8F7B7B,1,unhappy,Production,I felt undervalued in my role. The work environment was not supportive. I felt disconnected from the company's mission.,3.94,2.19
GEN_9535DAF1,1,unhappy,Production,The long hours were taking a toll on my health and family life.,3.64,4.17
GEN_0B4EAFDE,1,unhappy,IT/IS,"Despite good performance reviews, my compensation didn't reflect my contributions. I always felt engaged with the work itself.",3.67,4.8
GEN_D6C6BA1E,1,unhappy,Production,"Despite good performance reviews, my compensation didn't reflect my contributions.",3.0,4.06
GEN_77DC14AD,1,unhappy,Production,I felt undervalued in my role. The work environment was not supportive.,4.0,3.7
GEN_2E58B4C7,1,unhappy,Production,I felt undervalued in my role. The work environment was not supportive.,3.64,3.72
GEN_5258A10F,1,unhappy,Production,The long hours were taking a toll on my health and family life.,3.47,3.77
GEN_3180B12A,1,unhappy,Production,Work-life balance was terrible. I was constantly stressed and burned out. I always felt engaged with the work itself.,4.0,4.91
GEN_B7434E42,1,unhappy,Production,I received a much better offer elsewhere. My salary here was below market rate.,3.0,3.98
GEN_61C5F686,1,unhappy,Production,I felt undervalued in my role. The work environment was not supportive.,3.0,3.98
GEN_56C72EDE,1,unhappy,Production,I found an opportunity that better aligned with my career goals. I always felt engaged with the work itself.,3.0,4.95
GEN_46295301,1,unhappy,Admin Offices,I received a much better offer elsewhere. My salary here was below market rate.,4.63,4.24
GEN_1C0DECA9,1,unhappy,Production,The long hours were taking a toll on my health and family life. I always felt engaged with the work itself.,3.0,4.67
GEN_DC299522,1,unhappy,Production,"Despite good performance reviews, my compensation didn't reflect my contributions.",3.41,3.68
GEN_9AABB2E5,1,unhappy,Production,Work-life balance was terrible. I was constantly stressed and burned out.,4.59,3.53
GEN_85AC9E38,1,unhappy,Production,The long hours were taking a toll on my health and family life.,3.35,3.42
GEN_962DB098,1,unhappy,Software Engineering,I felt undervalued in my role. The work environment was not supportive.,3.67,4.43
GEN_774B81BA,1,unhappy,Production,The long hours were taking a toll on my health and family life. I always felt engaged with the work itself.,4.35,4.71
GEN_4A208480,1,unhappy,Production,Management didn't listen to our concerns. Nothing changed despite feedback. I always felt engaged with the work itself.,3.0,4.56
GEN_E41DA935,1,unhappy,Production,I felt undervalued in my role. The work environment was not supportive. I always felt engaged with the work itself.,4.47,4.62
GEN_ED0E94CE,1,unhappy,Production,Management didn't listen to our concerns. Nothing changed despite feedback.,4.14,4.17
GEN_F3B5F31A,1,unhappy,Production,I received a much better offer elsewhere. My salary here was below market rate.,4.0,4.25
GEN_B60D110D,1,unhappy,Production,I decided to pursue a different career path that I'm more passionate about.,3.7,4.25
GEN_5222C226,1,unhappy,Production,Work-life balance was terrible. I was constantly stressed and burned out. I felt disconnected from the company's mission.,2.4,2.61
GEN_15F6D706,1,unhappy,Production,"Despite good performance reviews, my compensation didn't reflect my contributions.",3.67,3.79
GEN_FB7C1F36,1,unhappy,IT/IS,I received a much better offer elsewhere. My salary here was below market rate.,4.55,3.72
GEN_7364B511,1,unhappy,Software Engineering,I decided to pursue a different career path that I'm more passionate about. I always felt engaged with the work itself.,3.0,4.76
GEN_1F86EF5B,1,unhappy,Production,I felt undervalued in my role. The work environment was not supportive. I always felt engaged with the work itself.,4.4,4.81
GEN_CFAB0892,1,unhappy,Production,I felt undervalued in my role. The work environment was not supportive.,4.0,3.96
GEN_5EB8B95F,1,unhappy,Production,I received a much better offer elsewhere. My salary here was below market rate.,4.18,4.19
GEN_D8CEEF23,1,unhappy,Production,Management didn't listen to our concerns. Nothing changed despite feedback. I always felt engaged with the work itself.,3.86,4.53
GEN_63D8081C,1,unhappy,Production,I received a much better offer elsewhere. My salary here was below market rate. I always felt engaged with the work itself.,3.32,4.61
GEN_B53C9C76,1,unhappy,Production,"Despite good performance reviews, my compensation didn't reflect my contributions.",4.02,3.34
GEN_19FCFCEC,1,unhappy,Production,Management didn't listen to our concerns. Nothing changed despite feedback. I felt disconnected from the company's mission.,4.55,2.54
GEN_918C9DDC,1,unhappy,Production,Work-life balance was terrible. I was constantly stressed and burned out.,3.03,3.75
GEN_3CB43C68,1,unhappy,Production,"Management didn't listen to our concerns. Nothing changed despite feedback. Despite this, I had many positive experiences here.",5.0,4.23
GEN_28F1140B,1,unhappy,Production,I felt undervalued in my role. The work environment was not supportive.,4.61,3.42
GEN_0F025E38,1,unhappy,Production,I felt undervalued in my role. The work environment was not supportive.,4.0,4.26
GEN_7AB165CA,1,unhappy,Production,Management didn't listen to our concerns. Nothing changed despite feedback. I always felt engaged with the work itself.,3.0,5.0
GEN_EC519B3D,1,unhappy,Production,"I decided to pursue a different career path that I'm more passionate about. Despite this, I had many positive experiences here.",5.0,3.94
GEN_FA7AF263,1,unhappy,Production,I felt undervalued in my role. The work environment was not supportive.,4.0,4.38
GEN_F85C46AF,1,unhappy,Production,The long hours were taking a toll on my health and family life.,3.83,4.04
GEN_1F316F4A,1,unhappy,Sales,The long hours were taking a toll on my health and family life.,4.0,3.91
GEN_8C32AE7C,1,unhappy,Production,I decided to pursue a different career path that I'm more passionate about.,3.0,4.29
GEN_E703EA76,1,unhappy,Production,Work-life balance was terrible. I was constantly stressed and burned out.,4.23,4.07
GEN_F4D5D7F7,1,unhappy,Production,The long hours were taking a toll on my health and family life. I always felt engaged with the work itself.,4.0,4.85
GEN_1FA2ED02,1,unhappy,Production,I received a much better offer elsewhere. My salary here was below market rate.,3.0,3.28
GEN_C3189240,1,unhappy,Production,The long hours were taking a toll on my health and family life. I always felt engaged with the work itself.,3.62,5.0
GEN_0BA1DB9F,1,unhappy,IT/IS,"Despite good performance reviews, my compensation didn't reflect my contributions.",4.5,4.05
GEN_913E8487,1,unhappy,IT/IS,Management didn't listen to our concerns. Nothing changed despite feedback.,4.18,4.07
GEN_C724BBF9,1,unhappy,Production,I found an opportunity that better aligned with my career goals.,3.22,3.47
GEN_1C4E645B,1,unhappy,Production,The long hours were taking a toll on my health and family life. I always felt engaged with the work itself.,3.62,4.96
GEN_81385F57,1,unhappy,IT/IS,I felt undervalued in my role. The work environment was not supportive.,4.0,4.25
GEN_A4367A66,1,unhappy,IT/IS,I felt undervalued in my role. The work environment was not supportive.,4.16,3.57
GEN_859AA717,1,unhappy,Production,I received a much better offer elsewhere. My salary here was below market rate.,4.0,4.34
GEN_92D90F52,1,unhappy,Production,I received a much better offer elsewhere. My salary here was below market rate.,2.69,4.17
GEN_62E488E3,1,unhappy,Production,Management didn't listen to our concerns. Nothing changed despite feedback.,3.62,3.69
GEN_1A4960C0,1,unhappy,Sales,I found an opportunity that better aligned with my career goals. I always felt engaged with the work itself.,4.45,4.78
GEN_C366EFC0,1,unhappy,Production,"Despite good performance reviews, my compensation didn't reflect my contributions.",4.0,4.19
GEN_1B562704,1,unhappy,Production,Work-life balance was terrible. I was constantly stressed and burned out.,4.0,4.05
GEN_43C90B0C,1,unhappy,Production,"Despite good performance reviews, my compensation didn't reflect my contributions.",4.58,4.44
GEN_F6C01BF9,1,unhappy,Production,The long hours were taking a toll on my health and family life.,3.63,3.86
GEN_D61F1AB1,1,unhappy,Production,"Despite good performance reviews, my compensation didn't reflect my contributions. I always felt engaged with the work itself.",4.0,4.76
GEN_7891275C,1,unhappy,Production,I found an opportunity that better aligned with my career goals.,3.53,3.84
GEN_4F336807,1,unhappy,Production,I found an opportunity that better aligned with my career goals.,4.46,4.49
GEN_47F2AD46,1,unhappy,Production,I found an opportunity that better aligned with my career goals. I always felt engaged with the work itself.,4.0,5.0
GEN_A2D0FE21,1,unhappy,Production,The long hours were taking a toll on my health and family life.,3.58,3.9
GEN_626A515E,1,unhappy,Production,Work-life balance was terrible. I was constantly stressed and burned out. I felt disconnected from the company's mission.,3.0,2.91
GEN_79170312,1,unhappy,Production,I received a much better offer elsewhere. My salary here was below market rate. I always felt engaged with the work itself.,4.0,4.63
GEN_FEA2A413,1,unhappy,IT/IS,Work-life balance was terrible. I was constantly stressed and burned out.,3.0,3.71
GEN_A9FD1EED,1,unhappy,Production,"Despite good performance reviews, my compensation didn't reflect my contributions.",4.0,4.19
GEN_5A497F15,1,unhappy,Production,I received a much better offer elsewhere. My salary here was below market rate. I always felt engaged with the work itself.,4.0,4.64
GEN_864C488E,1,unhappy,Production,Work-life balance was terrible. I was constantly stressed and burned out. I felt disconnected from the company's mission.,2.74,2.61
GEN_2EE61770,1,unhappy,Production,I decided to pursue a different career path that I'm more passionate about.,4.52,3.78
GEN_452999D8,1,unhappy,IT/IS,I decided to pursue a different career path that I'm more passionate about.,3.57,4.26
GEN_6FEEB071,1,unhappy,Production,I found an opportunity that better aligned with my career goals. I always felt engaged with the work itself.,3.94,4.57
GEN_8CE691D7,1,unhappy,Production,Work-life balance was terrible. I was constantly stressed and burned out. I always felt engaged with the work itself.,3.0,5.0
GEN_6E573658,1,unhappy,Production,I received a much better offer elsewhere. My salary here was below market rate. I always felt engaged with the work itself.,4.62,5.0
GEN_9F6B37A7,1,unhappy,Production,I received a much better offer elsewhere. My salary here was below market rate. I always felt engaged with the work itself.,4.34,4.66
GEN_844E2ABC,1,unhappy,Production,"Despite good performance reviews, my compensation didn't reflect my contributions.",4.39,4.45
GEN_8DE1DAAD,1,unhappy,Production,I felt undervalued in my role. The work environment was not supportive.,4.5,4.4
GEN_604C4DDA,1,unhappy,Production,I felt undervalued in my role. The work environment was not supportive.,3.66,4.26
GEN_FD7FFE57,1,unhappy,Production,I found an opportunity that better aligned with my career goals.,4.0,4.25
GEN_3C845FFB,1,unhappy,Production,Work-life balance was terrible. I was constantly stressed and burned out. I always felt engaged with the work itself.,4.24,4.64
GEN_18C9E1B3,1,unhappy,Software Engineering,The long hours were taking a toll on my health and family life.,3.34,4.43
GEN_80973B07,1,unhappy,Production,I found an opportunity that better aligned with my career goals.,4.65,3.66
GEN_7716B54E,1,unhappy,IT/IS,I received a much better offer elsewhere. My salary here was below market rate. I always felt engaged with the work itself.,3.0,4.76
GEN_041FDC10,1,unhappy,IT/IS,Work-life balance was terrible. I was constantly stressed and burned out.,4.14,3.36
GEN_E2382387,1,unhappy,Production,I found an opportunity that better aligned with my career goals.,3.45,4.27
GEN_FEE4B533,1,unhappy,Production,I found an opportunity that better aligned with my career goals.,3.42,4.43
GEN_CFF6D79F,1,unhappy,Sales,"The long hours were taking a toll on my health and family life. Despite this, I had many positive experiences here.",5.0,3.19
GEN_45CBFE0C,1,unhappy,Production,I received a much better offer elsewhere. My salary here was below market rate. I always felt engaged with the work itself.,3.66,5.0
GEN_487D12E0,1,unhappy,Production,The long hours were taking a toll on my health and family life.,2.75,3.73
GEN_62B9C252,1,unhappy,Sales,The long hours were taking a toll on my health and family life. I felt disconnected from the company's mission.,3.68,2.2
GEN_C67957FC,1,unhappy,Production,I received a much better offer elsewhere. My salary here was below market rate.,3.57,4.49
GEN_A73DA80D,1,unhappy,Admin Offices,I found an opportunity that better aligned with my career goals.,3.54,3.15
GEN_16A1EC4A,1,unhappy,Production,Management didn't listen to our concerns. Nothing changed despite feedback.,3.0,4.18
GEN_B781F881,1,unhappy,Production,"Despite good performance reviews, my compensation didn't reflect my contributions.",3.68,3.7
GEN_8C0CDEC8,1,unhappy,IT/IS,Management didn't listen to our concerns. Nothing changed despite feedback.,3.0,4.29
GEN_BD472054,1,unhappy,Production,I found an opportunity that better aligned with my career goals.,3.53,4.11
GEN_BCE18554,1,unhappy,Production,I decided to pursue a different career path that I'm more passionate about.,4.0,4.48
GEN_33535338,1,unhappy,Production,Work-life balance was terrible. I was constantly stressed and burned out.,4.0,3.75
GEN_A2C407BD,1,unhappy,Production,"Despite good performance reviews, my compensation didn't reflect my contributions.",3.57,4.24
GEN_BCE0E8F8,1,unhappy,Production,The long hours were taking a toll on my health and family life.,3.43,3.5
GEN_B3712FF1,1,unhappy,Production,Management didn't listen to our concerns. Nothing changed despite feedback. I always felt engaged with the work itself.,4.0,4.84
GEN_1BBA31E6,1,unhappy,Production,The long hours were taking a toll on my health and family life. I always felt engaged with the work itself.,4.04,4.61
GEN_A2D4C3B8,1,unhappy,Production,The long hours were taking a toll on my health and family life.,4.0,4.22
GEN_8972F272,1,unhappy,Production,I decided to pursue a different career path that I'm more passionate about.,4.06,3.47
GEN_42C18BD2,1,unhappy,Admin Offices,I felt undervalued in my role. The work environment was not supportive.,3.69,4.17
GEN_D921EC30,1,unhappy,IT/IS,I found an opportunity that better aligned with my career goals. I always felt engaged with the work itself.,4.32,4.57
GEN_DEBB60F2,1,unhappy,Production,I decided to pursue a different career path that I'm more passionate about. I felt disconnected from the company's mission.,3.0,2.89
GEN_BDA5938C,1,unhappy,Production,I felt undervalued in my role. The work environment was not supportive. I always felt engaged with the work itself.,4.31,4.67
GEN_93C0E2D9,1,unhappy,IT/IS,I found an opportunity that better aligned with my career goals. I always felt engaged with the work itself.,4.57,4.83
GEN_72F3191D,1,unhappy,Production,"The long hours were taking a toll on my health and family life. Despite this, I had many positive experiences here.",5.0,4.2
GEN_8CF52282,1,unhappy,Production,Management didn't listen to our concerns. Nothing changed despite feedback.,4.0,3.57
GEN_42C721E1,1,unhappy,Production,"Work-life balance was terrible. I was constantly stressed and burned out. Despite this, I had many positive experiences here.",5.0,4.22
GEN_3B84A7E6,1,unhappy,IT/IS,The long hours were taking a toll on my health and family life.,4.62,4.5
GEN_263CD874,1,unhappy,Production,Work-life balance was terrible. I was constantly stressed and burned out.,3.0,3.41
GEN_5A1BDF57,1,unhappy,Production,The long hours were taking a toll on my health and family life.,4.42,4.27
GEN_395B5F86,1,unhappy,Production,I felt undervalued in my role. The work environment was not supportive.,3.0,4.33
GEN_D6EFEC38,1,unhappy,IT/IS,"Despite good performance reviews, my compensation didn't reflect my contributions.",4.05,4.22
GEN_5929BC39,1,unhappy,Production,"The long hours were taking a toll on my health and family life. Despite this, I had many positive experiences here.",5.0,3.55
GEN_5A2EAD2A,1,unhappy,Production,I decided to pursue a different career path that I'm more passionate about.,4.25,3.03
GEN_948A7DCF,1,unhappy,Production,"Despite good performance reviews, my compensation didn't reflect my contributions. I always felt engaged with the work itself.",4.49,4.88
GEN_4696D3D6,1,unhappy,IT/IS,I felt undervalued in my role. The work environment was not supportive.,3.05,3.3
GEN_9EE02B39,1,unhappy,Production,I decided to pursue a different career path that I'm more passionate about.,3.0,4.19
GEN_C560720E,1,unhappy,Sales,"The long hours were taking a toll on my health and family life. Despite this, I had many positive experiences here.",5.0,3.88
GEN_0C37F7A3,1,unhappy,Production,I found an opportunity that better aligned with my career goals.,4.0,4.07
GEN_BD123C18,1,unhappy,IT/IS,I felt undervalued in my role. The work environment was not supportive.,3.46,4.03
GEN_C684FE4E,1,unhappy,Production,I felt undervalued in my role. The work environment was not supportive.,2.95,3.57
GEN_D852501D,1,unhappy,Production,I decided to pursue a different career path that I'm more passionate about.,4.04,3.64
GEN_E0043152,1,unhappy,Production,Management didn't listen to our concerns. Nothing changed despite feedback.,4.0,3.58
GEN_8DF1AA00,1,unhappy,Production,"Despite good performance reviews, my compensation didn't reflect my contributions.",3.87,3.42
GEN_38FC5E5C,1,unhappy,Production,Work-life balance was terrible. I was constantly stressed and burned out.,3.92,3.44
GEN_2F95A290,1,unhappy,Software Engineering,I found an opportunity that better aligned with my career goals.,4.63,3.07
GEN_9B945320,1,unhappy,Production,The long hours were taking a toll on my health and family life. I always felt engaged with the work itself.,4.39,4.81
GEN_124A8AF5,1,unhappy,Production,Management didn't listen to our concerns. Nothing changed despite feedback.,3.67,4.27
GEN_385CDBFF,1,unhappy,Production,Work-life balance was terrible. I was constantly stressed and burned out.,3.88,3.09
GEN_CC4552E5,1,unhappy,Production,Work-life balance was terrible. I was constantly stressed and burned out.,3.0,3.33
GEN_B5B8DF92,1,unhappy,Production,"I received a much better offer elsewhere. My salary here was below market rate. Despite this, I had many positive experiences here.",5.0,4.09
GEN_4D0E9EB3,1,unhappy,Production,The long hours were taking a toll on my health and family life.,4.41,4.25
GEN_EADDC227,1,unhappy,Production,I received a much better offer elsewhere. My salary here was below market rate. I always felt engaged with the work itself.,4.29,4.74
GEN_F73A119D,1,unhappy,Production,"I felt undervalued in my role. The work environment was not supportive. Despite this, I had many positive experiences here.",5.0,3.93
GEN_E4BF8370,1,unhappy,Production,I felt undervalued in my role. The work environment was not supportive.,4.0,4.43
GEN_F8B689B5,1,unhappy,Production,I received a much better offer elsewhere. My salary here was below market rate.,3.56,4.49
GEN_C06E068E,1,unhappy,Production,I decided to pursue a different career path that I'm more passionate about.,3.45,3.73
GEN_E6268806,1,unhappy,IT/IS,Management didn't listen to our concerns. Nothing changed despite feedback.,4.31,3.82
GEN_C9542054,1,unhappy,Production,The long hours were taking a toll on my health and family life.,4.3,3.67
GEN_A673BBEE,1,unhappy,Production,I found an opportunity that better aligned with my career goals.,3.78,3.01
GEN_7AEE2D21,1,unhappy,Sales,Management didn't listen to our concerns. Nothing changed despite feedback.,4.58,3.49
GEN_1E29D7D3,1,unhappy,Production,The long hours were taking a toll on my health and family life.,4.43,3.96
GEN_BE2779D4,1,unhappy,Sales,Work-life balance was terrible. I was constantly stressed and burned out.,3.78,3.82
GEN_7AD2419C,1,unhappy,Production,Work-life balance was terrible. I was constantly stressed and burned out.,4.46,3.44
GEN_8FFA0254,1,unhappy,Production,Management didn't listen to our concerns. Nothing changed despite feedback.,4.6,4.42
GEN_0EA3C1A9,1,unhappy,Sales,"I felt undervalued in my role. The work environment was not supportive. Despite this, I had many positive experiences here.",5.0,3.5
GEN_B7FAD8AF,1,unhappy,Production,Work-life balance was terrible. I was constantly stressed and burned out. I always felt engaged with the work itself.,4.0,5.0
GEN_0B119B6F,1,unhappy,Production,Management didn't listen to our concerns. Nothing changed despite feedback. I always felt engaged with the work itself.,3.56,4.69
GEN_C120A6DB,1,unhappy,Production,I received a much better offer elsewhere. My salary here was below market rate. I always felt engaged with the work itself.,4.31,5.0
GEN_6DE306A0,1,unhappy,Production,I decided to pursue a different career path that I'm more passionate about.,3.58,3.94
GEN_B284FF9F,1,unhappy,IT/IS,I decided to pursue a different career path that I'm more passionate about. I always felt engaged with the work itself.,4.0,4.58
GEN_F3429C3C,1,unhappy,IT/IS,I found an opportunity that better aligned with my career goals.,4.63,3.87
GEN_0F00AEE6,1,unhappy,Production,The long hours were taking a toll on my health and family life.,3.64,4.29
GEN_79A2CC1A,1,unhappy,Production,The long hours were taking a toll on my health and family life. I always felt engaged with the work itself.,3.67,4.91
GEN_855BAA88,1,unhappy,IT/IS,The long hours were taking a toll on my health and family life. I always felt engaged with the work itself.,4.08,4.98
GEN_3B06AAA2,1,unhappy,Production,The long hours were taking a toll on my health and family life. I always felt engaged with the work itself.,3.64,4.73
GEN_CB80FA4C,1,unhappy,Production,Management didn't listen to our concerns. Nothing changed despite feedback. I felt disconnected from the company's mission.,4.08,2.56
GEN_9A603AB8,1,unhappy,Production,"Despite good performance reviews, my compensation didn't reflect my contributions.",4.0,4.5
GEN_044A668D,1,unhappy,Production,"I found an opportunity that better aligned with my career goals. Despite this, I had many positive experiences here.",5.0,3.42
GEN_2BF6110B,1,unhappy,Production,The long hours were taking a toll on my health and family life. I always felt engaged with the work itself.,3.32,4.67
GEN_A91246AF,1,unhappy,Production,I felt undervalued in my role. The work environment was not supportive.,4.0,4.1
GEN_F1C6C095,1,unhappy,Production,Management didn't listen to our concerns. Nothing changed despite feedback.,3.38,3.15
GEN_8087BC5E,1,unhappy,Production,I felt undervalued in my role. The work environment was not supportive.,4.58,4.02
GEN_628C8A0B,1,unhappy,Production,The long hours were taking a toll on my health and family life.,4.0,4.15
GEN_79B47ED6,1,unhappy,Production,I decided to pursue a different career path that I'm more passionate about.,4.49,3.83
GEN_85E6E106,1,unhappy,Production,Work-life balance was terrible. I was constantly stressed and burned out.,4.16,3.73
GEN_812843F6,1,unhappy,Production,The long hours were taking a toll on my health and family life.,3.6,4.15
